{
"meta":{"test_sets":[],"test_metrics":[],"learn_metrics":[{"best_value":"Min","name":"RMSE"}],"launch_mode":"Train","parameters":"","iteration_count":1000,"learn_sets":["learn"],"name":"experiment"},
"iterations":[
{"learn":[0.4704674808],"iteration":0,"passed_time":0.1578535434,"remaining_time":157.6956898},
{"learn":[0.4413611682],"iteration":1,"passed_time":0.1646628594,"remaining_time":82.16676685},
{"learn":[0.4142951771],"iteration":2,"passed_time":0.1777798775,"remaining_time":59.0821793},
{"learn":[0.3889413395],"iteration":3,"passed_time":0.181116768,"remaining_time":45.09807522},
{"learn":[0.3652576547],"iteration":4,"passed_time":0.1854637336,"remaining_time":36.90728299},
{"learn":[0.3431821106],"iteration":5,"passed_time":0.1913239731,"remaining_time":31.69600488},
{"learn":[0.3225429057],"iteration":6,"passed_time":0.1980925866,"remaining_time":28.10084836},
{"learn":[0.3034124485],"iteration":7,"passed_time":0.2060916447,"remaining_time":25.55536395},
{"learn":[0.2855858135],"iteration":8,"passed_time":0.2153640051,"remaining_time":23.71396989},
{"learn":[0.2688883125],"iteration":9,"passed_time":0.22105393,"remaining_time":21.88433907},
{"learn":[0.2533085257],"iteration":10,"passed_time":0.2298254319,"remaining_time":20.66339565},
{"learn":[0.238803904],"iteration":11,"passed_time":0.2381860249,"remaining_time":19.61064938},
{"learn":[0.2253550831],"iteration":12,"passed_time":0.2459445764,"remaining_time":18.67286899},
{"learn":[0.2128707748],"iteration":13,"passed_time":0.2530299943,"remaining_time":17.82054103},
{"learn":[0.2013542245],"iteration":14,"passed_time":0.2618854217,"remaining_time":17.19714269},
{"learn":[0.1904528073],"iteration":15,"passed_time":0.2703672008,"remaining_time":16.62758285},
{"learn":[0.1804800645],"iteration":16,"passed_time":0.2761402857,"remaining_time":15.96740593},
{"learn":[0.1712901078],"iteration":17,"passed_time":0.2820768747,"remaining_time":15.38886061},
{"learn":[0.162769005],"iteration":18,"passed_time":0.2919230449,"remaining_time":15.07244774},
{"learn":[0.154903101],"iteration":19,"passed_time":0.2978573626,"remaining_time":14.59501077},
{"learn":[0.1476491503],"iteration":20,"passed_time":0.3078325464,"remaining_time":14.35086014},
{"learn":[0.1410029546],"iteration":21,"passed_time":0.3202776656,"remaining_time":14.23779804},
{"learn":[0.1349199991],"iteration":22,"passed_time":0.3265180365,"remaining_time":13.86991833},
{"learn":[0.1291332807],"iteration":23,"passed_time":0.3349282348,"remaining_time":13.62041488},
{"learn":[0.1240812135],"iteration":24,"passed_time":0.3399486282,"remaining_time":13.2579965},
{"learn":[0.1193936093],"iteration":25,"passed_time":0.3445947975,"remaining_time":12.90905126},
{"learn":[0.1151582038],"iteration":26,"passed_time":0.3493227669,"remaining_time":12.58855749},
{"learn":[0.1113146288],"iteration":27,"passed_time":0.3553157556,"remaining_time":12.33453266},
{"learn":[0.1078713601],"iteration":28,"passed_time":0.3590325057,"remaining_time":12.02139873},
{"learn":[0.1046846545],"iteration":29,"passed_time":0.3660916723,"remaining_time":11.83696407},
{"learn":[0.1018639051],"iteration":30,"passed_time":0.3736192907,"remaining_time":11.67861589},
{"learn":[0.09906694907],"iteration":31,"passed_time":0.3806837097,"remaining_time":11.51568222},
{"learn":[0.09679223842],"iteration":32,"passed_time":0.3862631268,"remaining_time":11.31868011},
{"learn":[0.0944804509],"iteration":33,"passed_time":0.3941174249,"remaining_time":11.19757154},
{"learn":[0.09261701382],"iteration":34,"passed_time":0.4011183255,"remaining_time":11.05940526},
{"learn":[0.0909830547],"iteration":35,"passed_time":0.4066615898,"remaining_time":10.88949368},
{"learn":[0.08926533837],"iteration":36,"passed_time":0.414553072,"remaining_time":10.78958401},
{"learn":[0.08791968775],"iteration":37,"passed_time":0.4225522368,"remaining_time":10.69724347},
{"learn":[0.08673253033],"iteration":38,"passed_time":0.4287042664,"remaining_time":10.56371282},
{"learn":[0.08570560716],"iteration":39,"passed_time":0.4327179696,"remaining_time":10.38523127},
{"learn":[0.08476006662],"iteration":40,"passed_time":0.4392262585,"remaining_time":10.27360931},
{"learn":[0.08374639029],"iteration":41,"passed_time":0.4488258097,"remaining_time":10.23750299},
{"learn":[0.08288112601],"iteration":42,"passed_time":0.4558233169,"remaining_time":10.14471894},
{"learn":[0.08200965595],"iteration":43,"passed_time":0.4647768375,"remaining_time":10.09833311},
{"learn":[0.08144886476],"iteration":44,"passed_time":0.4696472576,"remaining_time":9.966958466},
{"learn":[0.08073086527],"iteration":45,"passed_time":0.4778879869,"remaining_time":9.910981294},
{"learn":[0.0801026298],"iteration":46,"passed_time":0.4853316881,"remaining_time":9.840874442},
{"learn":[0.07969154565],"iteration":47,"passed_time":0.4940304645,"remaining_time":9.79827088},
{"learn":[0.07935138454],"iteration":48,"passed_time":0.4982043722,"remaining_time":9.669231796},
{"learn":[0.07901517859],"iteration":49,"passed_time":0.5058870387,"remaining_time":9.611853735},
{"learn":[0.07873904164],"iteration":50,"passed_time":0.5125607477,"remaining_time":9.537649992},
{"learn":[0.0784828687],"iteration":51,"passed_time":0.5175874125,"remaining_time":9.436016674},
{"learn":[0.07825705416],"iteration":52,"passed_time":0.5238642885,"remaining_time":9.360367569},
{"learn":[0.07797523672],"iteration":53,"passed_time":0.5330599287,"remaining_time":9.338420232},
{"learn":[0.07779948337],"iteration":54,"passed_time":0.5392081628,"remaining_time":9.264576616},
{"learn":[0.07749615202],"iteration":55,"passed_time":0.5473968958,"remaining_time":9.227547672},
{"learn":[0.07730561994],"iteration":56,"passed_time":0.5556933885,"remaining_time":9.193313427},
{"learn":[0.07718090047],"iteration":57,"passed_time":0.5634712909,"remaining_time":9.151550966},
{"learn":[0.07707951045],"iteration":58,"passed_time":0.5699296364,"remaining_time":9.08989471},
{"learn":[0.07699127788],"iteration":59,"passed_time":0.5746166192,"remaining_time":9.002327034},
{"learn":[0.07691367671],"iteration":60,"passed_time":0.5795116972,"remaining_time":8.92068006},
{"learn":[0.07671104866],"iteration":61,"passed_time":0.5875166104,"remaining_time":8.88855775},
{"learn":[0.07665100013],"iteration":62,"passed_time":0.5947868853,"remaining_time":8.846274786},
{"learn":[0.07650726611],"iteration":63,"passed_time":0.6036902978,"remaining_time":8.828970605},
{"learn":[0.07645304667],"iteration":64,"passed_time":0.6102263574,"remaining_time":8.777871449},
{"learn":[0.07641537802],"iteration":65,"passed_time":0.6131391664,"remaining_time":8.676848203},
{"learn":[0.07638235438],"iteration":66,"passed_time":0.6175674097,"remaining_time":8.599856615},
{"learn":[0.07626859723],"iteration":67,"passed_time":0.6248419254,"remaining_time":8.564009919},
{"learn":[0.07624318957],"iteration":68,"passed_time":0.6277425902,"remaining_time":8.469976108},
{"learn":[0.07612420459],"iteration":69,"passed_time":0.6346572351,"remaining_time":8.431874695},
{"learn":[0.0760217607],"iteration":70,"passed_time":0.6426369264,"remaining_time":8.408587389},
{"learn":[0.0759336757],"iteration":71,"passed_time":0.6496998409,"remaining_time":8.37390906},
{"learn":[0.075910306],"iteration":72,"passed_time":0.6564417612,"remaining_time":8.335911132},
{"learn":[0.0758450234],"iteration":73,"passed_time":0.6651322558,"remaining_time":8.323141471},
{"learn":[0.0758043505],"iteration":74,"passed_time":0.6733736861,"remaining_time":8.304942129},
{"learn":[0.0757922519],"iteration":75,"passed_time":0.6768561413,"remaining_time":8.229145717},
{"learn":[0.07577478893],"iteration":76,"passed_time":0.6865611524,"remaining_time":8.229817451},
{"learn":[0.07570690922],"iteration":77,"passed_time":0.6922952551,"remaining_time":8.183284939},
{"learn":[0.07569632819],"iteration":78,"passed_time":0.698729846,"remaining_time":8.145951749},
{"learn":[0.07568200475],"iteration":79,"passed_time":0.7058769019,"remaining_time":8.117584372},
{"learn":[0.07567674571],"iteration":80,"passed_time":0.7094267819,"remaining_time":8.04892855},
{"learn":[0.07561715541],"iteration":81,"passed_time":0.7199519147,"remaining_time":8.059949484},
{"learn":[0.07561311576],"iteration":82,"passed_time":0.7230797734,"remaining_time":7.988724726},
{"learn":[0.07559803685],"iteration":83,"passed_time":0.7309888001,"remaining_time":7.97125882},
{"learn":[0.07554931575],"iteration":84,"passed_time":0.7398023958,"remaining_time":7.963755201},
{"learn":[0.07553256058],"iteration":85,"passed_time":0.7510300229,"remaining_time":7.98187722},
{"learn":[0.07549018321],"iteration":86,"passed_time":0.7570602977,"remaining_time":7.944782204},
{"learn":[0.07548390155],"iteration":87,"passed_time":0.7646655454,"remaining_time":7.924715652},
{"learn":[0.07544007501],"iteration":88,"passed_time":0.7718676998,"remaining_time":7.900803085},
{"learn":[0.07543427264],"iteration":89,"passed_time":0.7789548139,"remaining_time":7.876098673},
{"learn":[0.07541351295],"iteration":90,"passed_time":0.7875679254,"remaining_time":7.867024661},
{"learn":[0.07540741274],"iteration":91,"passed_time":0.7946069553,"remaining_time":7.842425167},
{"learn":[0.07539476025],"iteration":92,"passed_time":0.802555888,"remaining_time":7.827077316},
{"learn":[0.07534988936],"iteration":93,"passed_time":0.8103974916,"remaining_time":7.810852419},
{"learn":[0.07533964499],"iteration":94,"passed_time":0.8168069815,"remaining_time":7.781161244},
{"learn":[0.07532362539],"iteration":95,"passed_time":0.8241103812,"remaining_time":7.760372756},
{"learn":[0.07532290834],"iteration":96,"passed_time":0.828275793,"remaining_time":7.710649908},
{"learn":[0.07531552623],"iteration":97,"passed_time":0.8350248528,"remaining_time":7.685636911},
{"learn":[0.07530727159],"iteration":98,"passed_time":0.8440427465,"remaining_time":7.681641562},
{"learn":[0.07527595263],"iteration":99,"passed_time":0.8505664437,"remaining_time":7.655097993},
{"learn":[0.07527092895],"iteration":100,"passed_time":0.8581422986,"remaining_time":7.638316104},
{"learn":[0.07526649787],"iteration":101,"passed_time":0.8650764356,"remaining_time":7.616065089},
{"learn":[0.07526197393],"iteration":102,"passed_time":0.8713058922,"remaining_time":7.587974614},
{"learn":[0.07524994778],"iteration":103,"passed_time":0.8779101784,"remaining_time":7.563533845},
{"learn":[0.07524516735],"iteration":104,"passed_time":0.8847081699,"remaining_time":7.541083924},
{"learn":[0.07521879515],"iteration":105,"passed_time":0.8934764189,"remaining_time":7.535546401},
{"learn":[0.07521509615],"iteration":106,"passed_time":0.8998957509,"remaining_time":7.510344911},
{"learn":[0.07520334287],"iteration":107,"passed_time":0.9082894579,"remaining_time":7.501798115},
{"learn":[0.07520138529],"iteration":108,"passed_time":0.912620268,"remaining_time":7.460042741},
{"learn":[0.07517380485],"iteration":109,"passed_time":0.9203973668,"remaining_time":7.446851423},
{"learn":[0.07516974972],"iteration":110,"passed_time":0.925869141,"remaining_time":7.415294291},
{"learn":[0.07516687326],"iteration":111,"passed_time":0.9295055938,"remaining_time":7.369651494},
{"learn":[0.0751573201],"iteration":112,"passed_time":0.9377358276,"remaining_time":7.360811319},
{"learn":[0.07514827045],"iteration":113,"passed_time":0.945183224,"remaining_time":7.345897688},
{"learn":[0.07514523047],"iteration":114,"passed_time":0.952953628,"remaining_time":7.333599659},
{"learn":[0.07512901025],"iteration":115,"passed_time":0.9603532286,"remaining_time":7.318553914},
{"learn":[0.07511063153],"iteration":116,"passed_time":0.9670139578,"remaining_time":7.298062605},
{"learn":[0.07510672166],"iteration":117,"passed_time":0.9750939691,"remaining_time":7.288414244},
{"learn":[0.07508941024],"iteration":118,"passed_time":0.9832346144,"remaining_time":7.279241137},
{"learn":[0.07508864778],"iteration":119,"passed_time":0.9889651637,"remaining_time":7.2524112},
{"learn":[0.07508603815],"iteration":120,"passed_time":0.9940624024,"remaining_time":7.221329353},
{"learn":[0.07508326438],"iteration":121,"passed_time":1.000746398,"remaining_time":7.202092927},
{"learn":[0.07508111727],"iteration":122,"passed_time":1.008376581,"remaining_time":7.189807007},
{"learn":[0.07507840385],"iteration":123,"passed_time":1.014857397,"remaining_time":7.169476447},
{"learn":[0.07507444556],"iteration":124,"passed_time":1.023092953,"remaining_time":7.16165067},
{"learn":[0.07506090401],"iteration":125,"passed_time":1.030573998,"remaining_time":7.148584714},
{"learn":[0.07505848674],"iteration":126,"passed_time":1.035580231,"remaining_time":7.118594813},
{"learn":[0.07504351152],"iteration":127,"passed_time":1.041661936,"remaining_time":7.096321942},
{"learn":[0.07503040689],"iteration":128,"passed_time":1.052102542,"remaining_time":7.10373112},
{"learn":[0.07502234053],"iteration":129,"passed_time":1.058374171,"remaining_time":7.082965607},
{"learn":[0.07500592622],"iteration":130,"passed_time":1.068187168,"remaining_time":7.085913351},
{"learn":[0.07500113433],"iteration":131,"passed_time":1.07519818,"remaining_time":7.07024258},
{"learn":[0.07499879897],"iteration":132,"passed_time":1.083895164,"remaining_time":7.065692532},
{"learn":[0.07499653256],"iteration":133,"passed_time":1.087084494,"remaining_time":7.025486358},
{"learn":[0.07498426661],"iteration":134,"passed_time":1.094848073,"remaining_time":7.015137653},
{"learn":[0.07497570489],"iteration":135,"passed_time":1.10336665,"remaining_time":7.009623424},
{"learn":[0.0749656987],"iteration":136,"passed_time":1.112242091,"remaining_time":7.00631332},
{"learn":[0.07495914471],"iteration":137,"passed_time":1.120043623,"remaining_time":6.996214516},
{"learn":[0.07494518507],"iteration":138,"passed_time":1.129072198,"remaining_time":6.993749368},
{"learn":[0.07494108113],"iteration":139,"passed_time":1.137165637,"remaining_time":6.985446056},
{"learn":[0.07493919559],"iteration":140,"passed_time":1.142820302,"remaining_time":6.962288221},
{"learn":[0.07493087722],"iteration":141,"passed_time":1.150717041,"remaining_time":6.952924094},
{"learn":[0.07492915487],"iteration":142,"passed_time":1.159261353,"remaining_time":6.947461393},
{"learn":[0.0749216701],"iteration":143,"passed_time":1.168146897,"remaining_time":6.943984331},
{"learn":[0.07491937478],"iteration":144,"passed_time":1.175985184,"remaining_time":6.934257462},
{"learn":[0.07491306584],"iteration":145,"passed_time":1.184589594,"remaining_time":6.929037762},
{"learn":[0.0749064304],"iteration":146,"passed_time":1.192677472,"remaining_time":6.920774719},
{"learn":[0.07490483947],"iteration":147,"passed_time":1.198007616,"remaining_time":6.89663844},
{"learn":[0.07488606166],"iteration":148,"passed_time":1.204197941,"remaining_time":6.877667433},
{"learn":[0.0748780419],"iteration":149,"passed_time":1.212767977,"remaining_time":6.872351869},
{"learn":[0.0748710519],"iteration":150,"passed_time":1.219042693,"remaining_time":6.854087724},
{"learn":[0.07486537595],"iteration":151,"passed_time":1.226884211,"remaining_time":6.844722438},
{"learn":[0.07485563958],"iteration":152,"passed_time":1.234219101,"remaining_time":6.832572406},
{"learn":[0.07485374789],"iteration":153,"passed_time":1.241318012,"remaining_time":6.819188562},
{"learn":[0.07485228172],"iteration":154,"passed_time":1.245943198,"remaining_time":6.792400017},
{"learn":[0.07484640331],"iteration":155,"passed_time":1.252703629,"remaining_time":6.777447839},
{"learn":[0.07484499675],"iteration":156,"passed_time":1.257070729,"remaining_time":6.749749201},
{"learn":[0.07483705753],"iteration":157,"passed_time":1.264393179,"remaining_time":6.738095295},
{"learn":[0.07483189435],"iteration":158,"passed_time":1.271076404,"remaining_time":6.723114818},
{"learn":[0.07482763784],"iteration":159,"passed_time":1.283777893,"remaining_time":6.739833936},
{"learn":[0.07481811883],"iteration":160,"passed_time":1.293047929,"remaining_time":6.73830567},
{"learn":[0.07480754978],"iteration":161,"passed_time":1.30184504,"remaining_time":6.734235456},
{"learn":[0.07479513394],"iteration":162,"passed_time":1.310136955,"remaining_time":6.727513075},
{"learn":[0.0747938776],"iteration":163,"passed_time":1.313630135,"remaining_time":6.69630971},
{"learn":[0.07478611624],"iteration":164,"passed_time":1.324089475,"remaining_time":6.70069522},
{"learn":[0.0747730631],"iteration":165,"passed_time":1.330960264,"remaining_time":6.68687265},
{"learn":[0.07476352433],"iteration":166,"passed_time":1.338260752,"remaining_time":6.675276683},
{"learn":[0.0747565722],"iteration":167,"passed_time":1.345043861,"remaining_time":6.661169599},
{"learn":[0.0747504746],"iteration":168,"passed_time":1.353057999,"remaining_time":6.653202348},
{"learn":[0.07474931908],"iteration":169,"passed_time":1.358102691,"remaining_time":6.630736669},
{"learn":[0.07474826993],"iteration":170,"passed_time":1.362451101,"remaining_time":6.605099197},
{"learn":[0.07472886905],"iteration":171,"passed_time":1.37104755,"remaining_time":6.600159138},
{"learn":[0.07472651342],"iteration":172,"passed_time":1.377167213,"remaining_time":6.583336906},
{"learn":[0.0747254046],"iteration":173,"passed_time":1.384555647,"remaining_time":6.572660714},
{"learn":[0.07471427069],"iteration":174,"passed_time":1.391571257,"remaining_time":6.560264497},
{"learn":[0.0747062346],"iteration":175,"passed_time":1.399194195,"remaining_time":6.550772822},
{"learn":[0.07470306835],"iteration":176,"passed_time":1.406543681,"remaining_time":6.54003079},
{"learn":[0.07469460165],"iteration":177,"passed_time":1.413833467,"remaining_time":6.529051178},
{"learn":[0.07468657343],"iteration":178,"passed_time":1.421939198,"remaining_time":6.521855205},
{"learn":[0.07466848416],"iteration":179,"passed_time":1.430432991,"remaining_time":6.516416959},
{"learn":[0.07466095088],"iteration":180,"passed_time":1.438103325,"remaining_time":6.507218911},
{"learn":[0.07465741091],"iteration":181,"passed_time":1.446054516,"remaining_time":6.499299969},
{"learn":[0.07464801547],"iteration":182,"passed_time":1.453677578,"remaining_time":6.489915743},
{"learn":[0.07464292323],"iteration":183,"passed_time":1.460737112,"remaining_time":6.47805154},
{"learn":[0.07463636866],"iteration":184,"passed_time":1.468332421,"remaining_time":6.468599586},
{"learn":[0.07462687482],"iteration":185,"passed_time":1.474443425,"remaining_time":6.452671764},
{"learn":[0.07462370297],"iteration":186,"passed_time":1.482593027,"remaining_time":6.445711929},
{"learn":[0.07461069213],"iteration":187,"passed_time":1.489173112,"remaining_time":6.431960463},
{"learn":[0.07459913053],"iteration":188,"passed_time":1.496600281,"remaining_time":6.421919723},
{"learn":[0.07459629612],"iteration":189,"passed_time":1.503374641,"remaining_time":6.409123471},
{"learn":[0.07459281208],"iteration":190,"passed_time":1.511541042,"remaining_time":6.402286402},
{"learn":[0.07458692649],"iteration":191,"passed_time":1.519308357,"remaining_time":6.393756003},
{"learn":[0.07456174483],"iteration":192,"passed_time":1.526796829,"remaining_time":6.38406757},
{"learn":[0.07455645867],"iteration":193,"passed_time":1.534309271,"remaining_time":6.374501402},
{"learn":[0.07454915789],"iteration":194,"passed_time":1.542126993,"remaining_time":6.366216561},
{"learn":[0.07453213945],"iteration":195,"passed_time":1.550034755,"remaining_time":6.358305833},
{"learn":[0.07452739358],"iteration":196,"passed_time":1.557663745,"remaining_time":6.349258817},
{"learn":[0.07452497024],"iteration":197,"passed_time":1.569699248,"remaining_time":6.358074731},
{"learn":[0.07450327684],"iteration":198,"passed_time":1.580148731,"remaining_time":6.360297153},
{"learn":[0.07449756347],"iteration":199,"passed_time":1.587613012,"remaining_time":6.350452049},
{"learn":[0.07449330523],"iteration":200,"passed_time":1.595740429,"remaining_time":6.343266679},
{"learn":[0.07448292226],"iteration":201,"passed_time":1.60320533,"remaining_time":6.333454721},
{"learn":[0.07446336969],"iteration":202,"passed_time":1.612301494,"remaining_time":6.330070397},
{"learn":[0.07445592763],"iteration":203,"passed_time":1.620376785,"remaining_time":6.322646672},
{"learn":[0.07445110259],"iteration":204,"passed_time":1.628427715,"remaining_time":6.315122113},
{"learn":[0.07444902344],"iteration":205,"passed_time":1.636388964,"remaining_time":6.307246784},
{"learn":[0.07443820727],"iteration":206,"passed_time":1.645172961,"remaining_time":6.302522504},
{"learn":[0.07443634475],"iteration":207,"passed_time":1.653353431,"remaining_time":6.295461141},
{"learn":[0.0744320709],"iteration":208,"passed_time":1.662096676,"remaining_time":6.290518997},
{"learn":[0.07442240529],"iteration":209,"passed_time":1.671039259,"remaining_time":6.286290547},
{"learn":[0.07441897848],"iteration":210,"passed_time":1.678902222,"remaining_time":6.277980348},
{"learn":[0.07441813843],"iteration":211,"passed_time":1.683767534,"remaining_time":6.258532155},
{"learn":[0.07440190335],"iteration":212,"passed_time":1.691722414,"remaining_time":6.250636337},
{"learn":[0.07438562581],"iteration":213,"passed_time":1.701371496,"remaining_time":6.248962598},
{"learn":[0.07438395688],"iteration":214,"passed_time":1.708944631,"remaining_time":6.239635048},
{"learn":[0.07435940691],"iteration":215,"passed_time":1.717535268,"remaining_time":6.234016899},
{"learn":[0.07435077193],"iteration":216,"passed_time":1.725283739,"remaining_time":6.22533257},
{"learn":[0.07434147293],"iteration":217,"passed_time":1.733758078,"remaining_time":6.219260628},
{"learn":[0.07433202056],"iteration":218,"passed_time":1.74269977,"remaining_time":6.214833426},
{"learn":[0.074330255],"iteration":219,"passed_time":1.752213928,"remaining_time":6.212394837},
{"learn":[0.07432547953],"iteration":220,"passed_time":1.759680649,"remaining_time":6.202675229},
{"learn":[0.07432466864],"iteration":221,"passed_time":1.765429409,"remaining_time":6.186955315},
{"learn":[0.0743238854],"iteration":222,"passed_time":1.770832651,"remaining_time":6.17012094},
{"learn":[0.0743231297],"iteration":223,"passed_time":1.774937,"remaining_time":6.148888892},
{"learn":[0.07432239991],"iteration":224,"passed_time":1.779713745,"remaining_time":6.130125121},
{"learn":[0.074321695],"iteration":225,"passed_time":1.784720492,"remaining_time":6.112272837},
{"learn":[0.07431515345],"iteration":226,"passed_time":1.79175359,"remaining_time":6.101434032},
{"learn":[0.07431449538],"iteration":227,"passed_time":1.7980831,"remaining_time":6.088246286},
{"learn":[0.07431385943],"iteration":228,"passed_time":1.803130331,"remaining_time":6.070801245},
{"learn":[0.07431324513],"iteration":229,"passed_time":1.808225593,"remaining_time":6.053624811},
{"learn":[0.07431265031],"iteration":230,"passed_time":1.817170997,"remaining_time":6.049370116},
{"learn":[0.07431207618],"iteration":231,"passed_time":1.821015497,"remaining_time":6.028189232},
{"learn":[0.074311521],"iteration":232,"passed_time":1.825962273,"remaining_time":6.010785681},
{"learn":[0.07431098406],"iteration":233,"passed_time":1.831127066,"remaining_time":5.994202274},
{"learn":[0.07430557236],"iteration":234,"passed_time":1.838297944,"remaining_time":5.984246498},
{"learn":[0.07430507031],"iteration":235,"passed_time":1.844662385,"remaining_time":5.971703654},
{"learn":[0.07430458468],"iteration":236,"passed_time":1.849407942,"remaining_time":5.954001097},
{"learn":[0.07429927362],"iteration":237,"passed_time":1.857538784,"remaining_time":5.947246023},
{"learn":[0.07429451286],"iteration":238,"passed_time":1.866194828,"remaining_time":5.942151731},
{"learn":[0.07429407332],"iteration":239,"passed_time":1.870583453,"remaining_time":5.923514268},
{"learn":[0.07429364826],"iteration":240,"passed_time":1.875209438,"remaining_time":5.905742586},
{"learn":[0.07429323687],"iteration":241,"passed_time":1.879985403,"remaining_time":5.888549319},
{"learn":[0.07428967267],"iteration":242,"passed_time":1.886499079,"remaining_time":5.876871616},
{"learn":[0.07428928749],"iteration":243,"passed_time":1.89239346,"remaining_time":5.863317442},
{"learn":[0.07428891466],"iteration":244,"passed_time":1.896423526,"remaining_time":5.844080663},
{"learn":[0.07428358631],"iteration":245,"passed_time":1.903975144,"remaining_time":5.835761213},
{"learn":[0.07428323688],"iteration":246,"passed_time":1.912133168,"remaining_time":5.829296661},
{"learn":[0.07427787306],"iteration":247,"passed_time":1.919196157,"remaining_time":5.819498024},
{"learn":[0.07427754598],"iteration":248,"passed_time":1.925185476,"remaining_time":5.806483101},
{"learn":[0.07427306653],"iteration":249,"passed_time":1.931396744,"remaining_time":5.794190232},
{"learn":[0.07427276003],"iteration":250,"passed_time":1.93648642,"remaining_time":5.778598917},
{"learn":[0.07426801549],"iteration":251,"passed_time":1.943228012,"remaining_time":5.767994259},
{"learn":[0.07426772813],"iteration":252,"passed_time":1.947727576,"remaining_time":5.750800391},
{"learn":[0.07426217994],"iteration":253,"passed_time":1.957263871,"remaining_time":5.748499401},
{"learn":[0.07425816063],"iteration":254,"passed_time":1.963483092,"remaining_time":5.736450602},
{"learn":[0.07425496255],"iteration":255,"passed_time":1.972180705,"remaining_time":5.731650173},
{"learn":[0.07425053357],"iteration":256,"passed_time":1.978866599,"remaining_time":5.721003436},
{"learn":[0.07425028913],"iteration":257,"passed_time":1.983388059,"remaining_time":5.704162557},
{"learn":[0.07425005243],"iteration":258,"passed_time":1.989112155,"remaining_time":5.690857556},
{"learn":[0.0742461923],"iteration":259,"passed_time":1.995380017,"remaining_time":5.679158509},
{"learn":[0.07424352872],"iteration":260,"passed_time":2.003410772,"remaining_time":5.67249257},
{"learn":[0.07423911922],"iteration":261,"passed_time":2.010132453,"remaining_time":5.662128818},
{"learn":[0.07422650673],"iteration":262,"passed_time":2.016805334,"remaining_time":5.651656012},
{"learn":[0.07422455037],"iteration":263,"passed_time":2.024805438,"remaining_time":5.644912131},
{"learn":[0.07422067506],"iteration":264,"passed_time":2.032811752,"remaining_time":5.638175992},
{"learn":[0.07421884555],"iteration":265,"passed_time":2.040737564,"remaining_time":5.631208164},
{"learn":[0.07421576208],"iteration":266,"passed_time":2.048117478,"remaining_time":5.622734499},
{"learn":[0.07421297279],"iteration":267,"passed_time":2.055687568,"remaining_time":5.614788433},
{"learn":[0.07420926638],"iteration":268,"passed_time":2.063532735,"remaining_time":5.607592673},
{"learn":[0.07420908881],"iteration":269,"passed_time":2.06813637,"remaining_time":5.591627962},
{"learn":[0.0742089169],"iteration":270,"passed_time":2.071660665,"remaining_time":5.572843633},
{"learn":[0.07419677898],"iteration":271,"passed_time":2.078134649,"remaining_time":5.562066266},
{"learn":[0.07418949111],"iteration":272,"passed_time":2.085812411,"remaining_time":5.554526092},
{"learn":[0.07418619958],"iteration":273,"passed_time":2.093865939,"remaining_time":5.547980555},
{"learn":[0.07417258965],"iteration":274,"passed_time":2.10215577,"remaining_time":5.54204703},
{"learn":[0.07416888586],"iteration":275,"passed_time":2.109381077,"remaining_time":5.533303984},
{"learn":[0.07416237421],"iteration":276,"passed_time":2.118250969,"remaining_time":5.528864444},
{"learn":[0.0741506793],"iteration":277,"passed_time":2.124156302,"remaining_time":5.516693704},
{"learn":[0.07415052283],"iteration":278,"passed_time":2.12933554,"remaining_time":5.502691486},
{"learn":[0.07414774957],"iteration":279,"passed_time":2.136835122,"remaining_time":5.494718886},
{"learn":[0.0741475981],"iteration":280,"passed_time":2.142486967,"remaining_time":5.482021813},
{"learn":[0.07414177815],"iteration":281,"passed_time":2.150520522,"remaining_time":5.475438775},
{"learn":[0.07413051023],"iteration":282,"passed_time":2.157190145,"remaining_time":5.465389873},
{"learn":[0.07411687527],"iteration":283,"passed_time":2.165753509,"remaining_time":5.460139127},
{"learn":[0.0741135702],"iteration":284,"passed_time":2.173482346,"remaining_time":5.4527715},
{"learn":[0.07410634814],"iteration":285,"passed_time":2.181270711,"remaining_time":5.445549956},
{"learn":[0.07409908628],"iteration":286,"passed_time":2.189004225,"remaining_time":5.438188198},
{"learn":[0.07409686001],"iteration":287,"passed_time":2.196174881,"remaining_time":5.429432344},
{"learn":[0.07408548628],"iteration":288,"passed_time":2.205260977,"remaining_time":5.425399844},
{"learn":[0.07408167962],"iteration":289,"passed_time":2.213041847,"remaining_time":5.418136936},
{"learn":[0.0740790885],"iteration":290,"passed_time":2.219908231,"remaining_time":5.408642392},
{"learn":[0.07406821678],"iteration":291,"passed_time":2.226516811,"remaining_time":5.398540761},
{"learn":[0.07406682949],"iteration":292,"passed_time":2.233594832,"remaining_time":5.38959572},
{"learn":[0.07405695966],"iteration":293,"passed_time":2.243473034,"remaining_time":5.387387625},
{"learn":[0.07405491715],"iteration":294,"passed_time":2.250810168,"remaining_time":5.379054807},
{"learn":[0.07405165753],"iteration":295,"passed_time":2.258839564,"remaining_time":5.37237518},
{"learn":[0.07404674816],"iteration":296,"passed_time":2.26659261,"remaining_time":5.36503234},
{"learn":[0.07403626039],"iteration":297,"passed_time":2.273545157,"remaining_time":5.355801007},
{"learn":[0.07402982028],"iteration":298,"passed_time":2.279833108,"remaining_time":5.345026786},
{"learn":[0.07402543044],"iteration":299,"passed_time":2.287411035,"remaining_time":5.337292414},
{"learn":[0.07402360198],"iteration":300,"passed_time":2.293852749,"remaining_time":5.326920504},
{"learn":[0.07401273618],"iteration":301,"passed_time":2.302701749,"remaining_time":5.32213848},
{"learn":[0.07400928762],"iteration":302,"passed_time":2.309720983,"remaining_time":5.313120545},
{"learn":[0.07400569879],"iteration":303,"passed_time":2.317711109,"remaining_time":5.306338591},
{"learn":[0.07400020354],"iteration":304,"passed_time":2.325027546,"remaining_time":5.298013588},
{"learn":[0.07399008024],"iteration":305,"passed_time":2.332565991,"remaining_time":5.290198686},
{"learn":[0.07398781609],"iteration":306,"passed_time":2.340237193,"remaining_time":5.28268526},
{"learn":[0.07397923107],"iteration":307,"passed_time":2.348405377,"remaining_time":5.276287406},
{"learn":[0.07397609645],"iteration":308,"passed_time":2.357035558,"remaining_time":5.270911232},
{"learn":[0.07396632629],"iteration":309,"passed_time":2.363425365,"remaining_time":5.260527425},
{"learn":[0.07396328416],"iteration":310,"passed_time":2.371325567,"remaining_time":5.253515484},
{"learn":[0.07395767713],"iteration":311,"passed_time":2.378880853,"remaining_time":5.245737265},
{"learn":[0.07395643216],"iteration":312,"passed_time":2.386604669,"remaining_time":5.238330375},
{"learn":[0.07395243804],"iteration":313,"passed_time":2.394967043,"remaining_time":5.232316533},
{"learn":[0.07395075259],"iteration":314,"passed_time":2.402615554,"remaining_time":5.224735412},
{"learn":[0.07394961568],"iteration":315,"passed_time":2.410875318,"remaining_time":5.218476955},
{"learn":[0.07394018401],"iteration":316,"passed_time":2.41750385,"remaining_time":5.208691261},
{"learn":[0.07393520129],"iteration":317,"passed_time":2.424871368,"remaining_time":5.200510293},
{"learn":[0.07392655546],"iteration":318,"passed_time":2.433451853,"remaining_time":5.194923861},
{"learn":[0.07392235257],"iteration":319,"passed_time":2.440550916,"remaining_time":5.186170697},
{"learn":[0.07391324386],"iteration":320,"passed_time":2.44824591,"remaining_time":5.178688388},
{"learn":[0.07390797801],"iteration":321,"passed_time":2.454682552,"remaining_time":5.168555188},
{"learn":[0.07390452954],"iteration":322,"passed_time":2.463493115,"remaining_time":5.163420554},
{"learn":[0.07389904846],"iteration":323,"passed_time":2.470145895,"remaining_time":5.153761188},
{"learn":[0.07389827043],"iteration":324,"passed_time":2.478034421,"remaining_time":5.146686875},
{"learn":[0.07389715319],"iteration":325,"passed_time":2.484315758,"remaining_time":5.136284727},
{"learn":[0.07389263508],"iteration":326,"passed_time":2.492038092,"remaining_time":5.128873503},
{"learn":[0.07388383966],"iteration":327,"passed_time":2.498027549,"remaining_time":5.117910101},
{"learn":[0.07387659172],"iteration":328,"passed_time":2.506432548,"remaining_time":5.111903464},
{"learn":[0.07387420291],"iteration":329,"passed_time":2.513914416,"remaining_time":5.104008056},
{"learn":[0.07387174837],"iteration":330,"passed_time":2.520865062,"remaining_time":5.095041469},
{"learn":[0.07386803616],"iteration":331,"passed_time":2.52879267,"remaining_time":5.088052721},
{"learn":[0.07385904694],"iteration":332,"passed_time":2.536848526,"remaining_time":5.081315216},
{"learn":[0.07385636248],"iteration":333,"passed_time":2.544915625,"remaining_time":5.074592234},
{"learn":[0.07385261461],"iteration":334,"passed_time":2.552269858,"remaining_time":5.066446137},
{"learn":[0.07384396958],"iteration":335,"passed_time":2.560674773,"remaining_time":5.060381098},
{"learn":[0.07384068521],"iteration":336,"passed_time":2.568479582,"remaining_time":5.053121552},
{"learn":[0.07383916899],"iteration":337,"passed_time":2.575766644,"remaining_time":5.044844729},
{"learn":[0.07383845641],"iteration":338,"passed_time":2.582077259,"remaining_time":5.034669818},
{"learn":[0.0738257012],"iteration":339,"passed_time":2.590473422,"remaining_time":5.028566055},
{"learn":[0.07381352011],"iteration":340,"passed_time":2.59713047,"remaining_time":5.019087917},
{"learn":[0.07380881767],"iteration":341,"passed_time":2.606012059,"remaining_time":5.013906243},
{"learn":[0.07379806734],"iteration":342,"passed_time":2.613161229,"remaining_time":5.005384628},
{"learn":[0.0737969573],"iteration":343,"passed_time":2.620872722,"remaining_time":4.997943331},
{"learn":[0.0737951239],"iteration":344,"passed_time":2.628134137,"remaining_time":4.989645971},
{"learn":[0.07379266654],"iteration":345,"passed_time":2.635747575,"remaining_time":4.982019982},
{"learn":[0.07378843787],"iteration":346,"passed_time":2.642996158,"remaining_time":4.973707467},
{"learn":[0.07378635154],"iteration":347,"passed_time":2.650570236,"remaining_time":4.966010903},
{"learn":[0.07377874112],"iteration":348,"passed_time":2.658348697,"remaining_time":4.95869628},
{"learn":[0.07377468258],"iteration":349,"passed_time":2.665538701,"remaining_time":4.950286159},
{"learn":[0.0737717287],"iteration":350,"passed_time":2.673652213,"remaining_time":4.943590558},
{"learn":[0.07374807293],"iteration":351,"passed_time":2.682287826,"remaining_time":4.937848044},
{"learn":[0.07374327323],"iteration":352,"passed_time":2.69106112,"remaining_time":4.932341487},
{"learn":[0.07373781255],"iteration":353,"passed_time":2.701277918,"remaining_time":4.929450665},
{"learn":[0.07373716913],"iteration":354,"passed_time":2.708990577,"remaining_time":4.921968795},
{"learn":[0.07373229005],"iteration":355,"passed_time":2.719572684,"remaining_time":4.919676429},
{"learn":[0.07373136748],"iteration":356,"passed_time":2.726209034,"remaining_time":4.910230837},
{"learn":[0.0737277582],"iteration":357,"passed_time":2.734394835,"remaining_time":4.903579564},
{"learn":[0.07372112471],"iteration":358,"passed_time":2.741785691,"remaining_time":4.895500356},
{"learn":[0.0737171083],"iteration":359,"passed_time":2.750751664,"remaining_time":4.890225181},
{"learn":[0.0737143842],"iteration":360,"passed_time":2.758568227,"remaining_time":4.882895005},
{"learn":[0.07370952221],"iteration":361,"passed_time":2.767103063,"remaining_time":4.876828049},
{"learn":[0.07370869752],"iteration":362,"passed_time":2.775396581,"remaining_time":4.870324027},
{"learn":[0.07370664808],"iteration":363,"passed_time":2.78339587,"remaining_time":4.86329608},
{"learn":[0.07370446168],"iteration":364,"passed_time":2.797572121,"remaining_time":4.867009033},
{"learn":[0.07369710078],"iteration":365,"passed_time":2.805585813,"remaining_time":4.859949196},
{"learn":[0.07369123317],"iteration":366,"passed_time":2.813982573,"remaining_time":4.853544873},
{"learn":[0.07368455248],"iteration":367,"passed_time":2.821916935,"remaining_time":4.846335605},
{"learn":[0.07367375095],"iteration":368,"passed_time":2.829445282,"remaining_time":4.838428112},
{"learn":[0.07367181319],"iteration":369,"passed_time":2.837566563,"remaining_time":4.831532255},
{"learn":[0.07366939927],"iteration":370,"passed_time":2.846577297,"remaining_time":4.826137789},
{"learn":[0.07366818157],"iteration":371,"passed_time":2.854863084,"remaining_time":4.819500046},
{"learn":[0.07366758058],"iteration":372,"passed_time":2.86327536,"remaining_time":4.813066088},
{"learn":[0.07365463426],"iteration":373,"passed_time":2.871318337,"remaining_time":4.806003419},
{"learn":[0.07365034822],"iteration":374,"passed_time":2.879721086,"remaining_time":4.799535144},
{"learn":[0.07364960961],"iteration":375,"passed_time":2.888554093,"remaining_time":4.793770623},
{"learn":[0.07363763912],"iteration":376,"passed_time":2.89753119,"remaining_time":4.788227934},
{"learn":[0.07362905491],"iteration":377,"passed_time":2.907103666,"remaining_time":4.783646773},
{"learn":[0.07362384974],"iteration":378,"passed_time":2.914376152,"remaining_time":4.775270687},
{"learn":[0.07361497618],"iteration":379,"passed_time":2.924345212,"remaining_time":4.771300083},
{"learn":[0.07361364698],"iteration":380,"passed_time":2.931834827,"remaining_time":4.763269706},
{"learn":[0.07361111923],"iteration":381,"passed_time":2.940443796,"remaining_time":4.757053052},
{"learn":[0.0736000199],"iteration":382,"passed_time":2.947622575,"remaining_time":4.748519919},
{"learn":[0.07359935886],"iteration":383,"passed_time":2.957101002,"remaining_time":4.743682857},
{"learn":[0.07357668514],"iteration":384,"passed_time":2.96370156,"remaining_time":4.73422457},
{"learn":[0.07356968682],"iteration":385,"passed_time":2.972121624,"remaining_time":4.72767533},
{"learn":[0.07356913868],"iteration":386,"passed_time":2.9793271,"remaining_time":4.719192539},
{"learn":[0.07356551859],"iteration":387,"passed_time":2.98726672,"remaining_time":4.711874312},
{"learn":[0.0735635042],"iteration":388,"passed_time":2.995884559,"remaining_time":4.705618163},
{"learn":[0.07355619532],"iteration":389,"passed_time":3.004820009,"remaining_time":4.69984668},
{"learn":[0.07353427132],"iteration":390,"passed_time":3.014226962,"remaining_time":4.694793401},
{"learn":[0.07353127743],"iteration":391,"passed_time":3.021195875,"remaining_time":4.685936458},
{"learn":[0.07352801478],"iteration":392,"passed_time":3.028940684,"remaining_time":4.678287519},
{"learn":[0.07352749757],"iteration":393,"passed_time":3.037630631,"remaining_time":4.672091783},
{"learn":[0.07352524737],"iteration":394,"passed_time":3.044971226,"remaining_time":4.663816688},
{"learn":[0.073523439],"iteration":395,"passed_time":3.053748656,"remaining_time":4.657737849},
{"learn":[0.0735228462],"iteration":396,"passed_time":3.061605634,"remaining_time":4.650247348},
{"learn":[0.07351989904],"iteration":397,"passed_time":3.069743698,"remaining_time":4.643180166},
{"learn":[0.07349869134],"iteration":398,"passed_time":3.077991228,"remaining_time":4.636272501},
{"learn":[0.07349298237],"iteration":399,"passed_time":3.085366811,"remaining_time":4.628050217},
{"learn":[0.07348997385],"iteration":400,"passed_time":3.093681189,"remaining_time":4.621234494},
{"learn":[0.0734882964],"iteration":401,"passed_time":3.101447686,"remaining_time":4.613596309},
{"learn":[0.07348643346],"iteration":402,"passed_time":3.108756627,"remaining_time":4.605279668},
{"learn":[0.07348275682],"iteration":403,"passed_time":3.116819124,"remaining_time":4.598079698},
{"learn":[0.07348010772],"iteration":404,"passed_time":3.123189652,"remaining_time":4.588389735},
{"learn":[0.07347383488],"iteration":405,"passed_time":3.131171059,"remaining_time":4.581072928},
{"learn":[0.07346352417],"iteration":406,"passed_time":3.137776989,"remaining_time":4.571748782},
{"learn":[0.0734430076],"iteration":407,"passed_time":3.146316484,"remaining_time":4.565243525},
{"learn":[0.07344247678],"iteration":408,"passed_time":3.153002665,"remaining_time":4.556050305},
{"learn":[0.07343760927],"iteration":409,"passed_time":3.161635119,"remaining_time":4.54967005},
{"learn":[0.07341777428],"iteration":410,"passed_time":3.168724921,"remaining_time":4.541068073},
{"learn":[0.07341254562],"iteration":411,"passed_time":3.177211283,"remaining_time":4.534466589},
{"learn":[0.07340953363],"iteration":412,"passed_time":3.184752855,"remaining_time":4.526513138},
{"learn":[0.07339034006],"iteration":413,"passed_time":3.192541813,"remaining_time":4.518911842},
{"learn":[0.07338067298],"iteration":414,"passed_time":3.200886545,"remaining_time":4.512093081},
{"learn":[0.07337348328],"iteration":415,"passed_time":3.210162848,"remaining_time":4.506574767},
{"learn":[0.07337002053],"iteration":416,"passed_time":3.2171052,"remaining_time":4.497775375},
{"learn":[0.07336746772],"iteration":417,"passed_time":3.226583666,"remaining_time":4.492516013},
{"learn":[0.0733669962],"iteration":418,"passed_time":3.233293399,"remaining_time":4.48339729},
{"learn":[0.07336434565],"iteration":419,"passed_time":3.242961238,"remaining_time":4.478375043},
{"learn":[0.07336234253],"iteration":420,"passed_time":3.252003297,"remaining_time":4.472470093},
{"learn":[0.07336051874],"iteration":421,"passed_time":3.261399983,"remaining_time":4.467035996},
{"learn":[0.07335944468],"iteration":422,"passed_time":3.269521487,"remaining_time":4.45984373},
{"learn":[0.07335783073],"iteration":423,"passed_time":3.27668011,"remaining_time":4.451339018},
{"learn":[0.0733561311],"iteration":424,"passed_time":3.284147567,"remaining_time":4.443258473},
{"learn":[0.07335469837],"iteration":425,"passed_time":3.292057374,"remaining_time":4.435776838},
{"learn":[0.07335111143],"iteration":426,"passed_time":3.299241943,"remaining_time":4.427319985},
{"learn":[0.07334155671],"iteration":427,"passed_time":3.307866095,"remaining_time":4.420793005},
{"learn":[0.07332532533],"iteration":428,"passed_time":3.316877408,"remaining_time":4.414771562},
{"learn":[0.07332488639],"iteration":429,"passed_time":3.325816483,"remaining_time":4.408640454},
{"learn":[0.07331005203],"iteration":430,"passed_time":3.33329982,"remaining_time":4.400574472},
{"learn":[0.07330310916],"iteration":431,"passed_time":3.341577015,"remaining_time":4.393554964},
{"learn":[0.07330147819],"iteration":432,"passed_time":3.349605191,"remaining_time":4.386203564},
{"learn":[0.07329906932],"iteration":433,"passed_time":3.357310893,"remaining_time":4.378428492},
{"learn":[0.0732970827],"iteration":434,"passed_time":3.36503764,"remaining_time":4.370681073},
{"learn":[0.07329517103],"iteration":435,"passed_time":3.372588039,"remaining_time":4.362705628},
{"learn":[0.07329469363],"iteration":436,"passed_time":3.380233184,"remaining_time":4.354854194},
{"learn":[0.07329299128],"iteration":437,"passed_time":3.388070093,"remaining_time":4.347249754},
{"learn":[0.07329121811],"iteration":438,"passed_time":3.396035634,"remaining_time":4.339808634},
{"learn":[0.07328969946],"iteration":439,"passed_time":3.402908672,"remaining_time":4.330974674},
{"learn":[0.07328674864],"iteration":440,"passed_time":3.409314334,"remaining_time":4.321557172},
{"learn":[0.07328004777],"iteration":441,"passed_time":3.417868884,"remaining_time":4.314866147},
{"learn":[0.07326144383],"iteration":442,"passed_time":3.425558393,"remaining_time":4.307079063},
{"learn":[0.07325848317],"iteration":443,"passed_time":3.434417903,"remaining_time":4.300757554},
{"learn":[0.07325201268],"iteration":444,"passed_time":3.442528768,"remaining_time":4.293490936},
{"learn":[0.07324949656],"iteration":445,"passed_time":3.451690724,"remaining_time":4.287526145},
{"learn":[0.07324909121],"iteration":446,"passed_time":3.461397272,"remaining_time":4.282220787},
{"learn":[0.07323108429],"iteration":447,"passed_time":3.46976738,"remaining_time":4.275249093},
{"learn":[0.0732248342],"iteration":448,"passed_time":3.478226398,"remaining_time":4.26838028},
{"learn":[0.07321085006],"iteration":449,"passed_time":3.486162826,"remaining_time":4.260865677},
{"learn":[0.07321038226],"iteration":450,"passed_time":3.494497269,"remaining_time":4.253833705},
{"learn":[0.07320902397],"iteration":451,"passed_time":3.502779348,"remaining_time":4.246732483},
{"learn":[0.07320027186],"iteration":452,"passed_time":3.514397033,"remaining_time":4.243653813},
{"learn":[0.07318284259],"iteration":453,"passed_time":3.524903642,"remaining_time":4.239201296},
{"learn":[0.07318125473],"iteration":454,"passed_time":3.533022829,"remaining_time":4.231862509},
{"learn":[0.07317841074],"iteration":455,"passed_time":3.542792724,"remaining_time":4.226489565},
{"learn":[0.07317607366],"iteration":456,"passed_time":3.5515448,"remaining_time":4.219888022},
{"learn":[0.07317486099],"iteration":457,"passed_time":3.561624605,"remaining_time":4.214848332},
{"learn":[0.07315799082],"iteration":458,"passed_time":3.569286404,"remaining_time":4.206936698},
{"learn":[0.07315626935],"iteration":459,"passed_time":3.580804058,"remaining_time":4.203552589},
{"learn":[0.07315449679],"iteration":460,"passed_time":3.590323633,"remaining_time":4.197797046},
{"learn":[0.07315399482],"iteration":461,"passed_time":3.59798539,"remaining_time":4.189861775},
{"learn":[0.07315226649],"iteration":462,"passed_time":3.610456488,"remaining_time":4.187505689},
{"learn":[0.07314979651],"iteration":463,"passed_time":3.617665251,"remaining_time":4.1790271},
{"learn":[0.07314797949],"iteration":464,"passed_time":3.627740692,"remaining_time":4.173852194},
{"learn":[0.0731316491],"iteration":465,"passed_time":3.63670394,"remaining_time":4.167381768},
{"learn":[0.07312775046],"iteration":466,"passed_time":3.645671272,"remaining_time":4.160905327},
{"learn":[0.07312593087],"iteration":467,"passed_time":3.653987506,"remaining_time":4.153678105},
{"learn":[0.07312541787],"iteration":468,"passed_time":3.662746759,"remaining_time":4.146947823},
{"learn":[0.07311936674],"iteration":469,"passed_time":3.673642836,"remaining_time":4.142618517},
{"learn":[0.07311133981],"iteration":470,"passed_time":3.682909553,"remaining_time":4.136431323},
{"learn":[0.07310867886],"iteration":471,"passed_time":3.691427731,"remaining_time":4.129393732},
{"learn":[0.07310827916],"iteration":472,"passed_time":3.700156326,"remaining_time":4.12258432},
{"learn":[0.07310452437],"iteration":473,"passed_time":3.708835992,"remaining_time":4.115712514},
{"learn":[0.07309615961],"iteration":474,"passed_time":3.718379052,"remaining_time":4.109787373},
{"learn":[0.07308328512],"iteration":475,"passed_time":3.726096323,"remaining_time":4.101837129},
{"learn":[0.0730674672],"iteration":476,"passed_time":3.733212523,"remaining_time":4.093228825},
{"learn":[0.07305565883],"iteration":477,"passed_time":3.741085266,"remaining_time":4.085452948},
{"learn":[0.07305354148],"iteration":478,"passed_time":3.748343544,"remaining_time":4.077008323},
{"learn":[0.07305246148],"iteration":479,"passed_time":3.756306732,"remaining_time":4.069332293},
{"learn":[0.07304549328],"iteration":480,"passed_time":3.763698614,"remaining_time":4.061038629},
{"learn":[0.07303017718],"iteration":481,"passed_time":3.771603989,"remaining_time":4.053300552},
{"learn":[0.07302804354],"iteration":482,"passed_time":3.780247082,"remaining_time":4.046351432},
{"learn":[0.07302642627],"iteration":483,"passed_time":3.788055144,"remaining_time":4.038505071},
{"learn":[0.07302431945],"iteration":484,"passed_time":3.794624794,"remaining_time":4.029343853},
{"learn":[0.07302283537],"iteration":485,"passed_time":3.802654197,"remaining_time":4.021737155},
{"learn":[0.07300800776],"iteration":486,"passed_time":3.81040107,"remaining_time":4.013831106},
{"learn":[0.07300764909],"iteration":487,"passed_time":3.8184914,"remaining_time":4.00628606},
{"learn":[0.07300178996],"iteration":488,"passed_time":3.826830471,"remaining_time":3.998998713},
{"learn":[0.07299987799],"iteration":489,"passed_time":3.835610336,"remaining_time":3.99216586},
{"learn":[0.07299843501],"iteration":490,"passed_time":3.844712235,"remaining_time":3.985658915},
{"learn":[0.07298407873],"iteration":491,"passed_time":3.853212607,"remaining_time":3.978520334},
{"learn":[0.07297767707],"iteration":492,"passed_time":3.864156002,"remaining_time":3.973888627},
{"learn":[0.07297614178],"iteration":493,"passed_time":3.871650234,"remaining_time":3.965698418},
{"learn":[0.0729746179],"iteration":494,"passed_time":3.881128989,"remaining_time":3.959535636},
{"learn":[0.07297381595],"iteration":495,"passed_time":3.892951979,"remaining_time":3.955741527},
{"learn":[0.07297190357],"iteration":496,"passed_time":3.902090604,"remaining_time":3.949198338},
{"learn":[0.07295800271],"iteration":497,"passed_time":3.91439555,"remaining_time":3.945836478},
{"learn":[0.0729576363],"iteration":498,"passed_time":3.920995795,"remaining_time":3.936711209},
{"learn":[0.07294417961],"iteration":499,"passed_time":3.932104923,"remaining_time":3.932104923},
{"learn":[0.07294016541],"iteration":500,"passed_time":3.944316572,"remaining_time":3.928570798},
{"learn":[0.07293442402],"iteration":501,"passed_time":3.955159456,"remaining_time":3.923644241},
{"learn":[0.07292875697],"iteration":502,"passed_time":3.964857101,"remaining_time":3.917562582},
{"learn":[0.07291788528],"iteration":503,"passed_time":3.982643596,"remaining_time":3.919427031},
{"learn":[0.07291218117],"iteration":504,"passed_time":3.996017389,"remaining_time":3.916888332},
{"learn":[0.07291081062],"iteration":505,"passed_time":4.005058188,"remaining_time":3.910076571},
{"learn":[0.0729095229],"iteration":506,"passed_time":4.01418513,"remaining_time":3.903339781},
{"learn":[0.07289648756],"iteration":507,"passed_time":4.03134268,"remaining_time":3.904371257},
{"learn":[0.07288771315],"iteration":508,"passed_time":4.043648606,"remaining_time":3.900651209},
{"learn":[0.0728865146],"iteration":509,"passed_time":4.054332302,"remaining_time":3.895338878},
{"learn":[0.07288530016],"iteration":510,"passed_time":4.063519823,"remaining_time":3.888573764},
{"learn":[0.07288381238],"iteration":511,"passed_time":4.074018475,"remaining_time":3.883048859},
{"learn":[0.07287833101],"iteration":512,"passed_time":4.081286691,"remaining_time":3.874437853},
{"learn":[0.07286570986],"iteration":513,"passed_time":4.090793746,"remaining_time":3.86794895},
{"learn":[0.07285755921],"iteration":514,"passed_time":4.103204733,"remaining_time":3.864183098},
{"learn":[0.07285650976],"iteration":515,"passed_time":4.118000091,"remaining_time":3.862620241},
{"learn":[0.07285121133],"iteration":516,"passed_time":4.133847317,"remaining_time":3.861988886},
{"learn":[0.0728389894],"iteration":517,"passed_time":4.149360069,"remaining_time":3.860987554},
{"learn":[0.07283141822],"iteration":518,"passed_time":4.162068166,"remaining_time":3.857330998},
{"learn":[0.07282629577],"iteration":519,"passed_time":4.17581226,"remaining_time":3.854595932},
{"learn":[0.07282494003],"iteration":520,"passed_time":4.187048413,"remaining_time":3.849512841},
{"learn":[0.07282322416],"iteration":521,"passed_time":4.196549183,"remaining_time":3.842817068},
{"learn":[0.07282199549],"iteration":522,"passed_time":4.206096113,"remaining_time":3.836152669},
{"learn":[0.07282092165],"iteration":523,"passed_time":4.216976815,"remaining_time":3.830688863},
{"learn":[0.07280908474],"iteration":524,"passed_time":4.225371606,"remaining_time":3.822955263},
{"learn":[0.07280413044],"iteration":525,"passed_time":4.233992483,"remaining_time":3.815422884},
{"learn":[0.07279414333],"iteration":526,"passed_time":4.244777477,"remaining_time":3.809828741},
{"learn":[0.07279280089],"iteration":527,"passed_time":4.253408701,"remaining_time":3.802289596},
{"learn":[0.07279169791],"iteration":528,"passed_time":4.261721527,"remaining_time":3.794462834},
{"learn":[0.07279049666],"iteration":529,"passed_time":4.267892799,"remaining_time":3.784735124},
{"learn":[0.07278951212],"iteration":530,"passed_time":4.276427678,"remaining_time":3.777108438},
{"learn":[0.07278856863],"iteration":531,"passed_time":4.282621314,"remaining_time":3.76741875},
{"learn":[0.07277710404],"iteration":532,"passed_time":4.291561007,"remaining_time":3.760148199},
{"learn":[0.07277603252],"iteration":533,"passed_time":4.299690686,"remaining_time":3.752164532},
{"learn":[0.07276899695],"iteration":534,"passed_time":4.309132305,"remaining_time":3.745320601},
{"learn":[0.0727642039],"iteration":535,"passed_time":4.318080343,"remaining_time":3.738039699},
{"learn":[0.07276077869],"iteration":536,"passed_time":4.325317859,"remaining_time":3.729277781},
{"learn":[0.07275423783],"iteration":537,"passed_time":4.332446293,"remaining_time":3.720427858},
{"learn":[0.07274960272],"iteration":538,"passed_time":4.340310925,"remaining_time":3.712213982},
{"learn":[0.07273849742],"iteration":539,"passed_time":4.348078015,"remaining_time":3.703918309},
{"learn":[0.07273817485],"iteration":540,"passed_time":4.355774691,"remaining_time":3.695564849},
{"learn":[0.07273209086],"iteration":541,"passed_time":4.362680865,"remaining_time":3.686545824},
{"learn":[0.07272748799],"iteration":542,"passed_time":4.373289948,"remaining_time":3.680651024},
{"learn":[0.07272429584],"iteration":543,"passed_time":4.381885398,"remaining_time":3.673050995},
{"learn":[0.07272391361],"iteration":544,"passed_time":4.389125737,"remaining_time":3.664315982},
{"learn":[0.07272269347],"iteration":545,"passed_time":4.396852727,"remaining_time":3.655991095},
{"learn":[0.07272234495],"iteration":546,"passed_time":4.404077149,"remaining_time":3.647252191},
{"learn":[0.07271663598],"iteration":547,"passed_time":4.411949998,"remaining_time":3.639053648},
{"learn":[0.07271426575],"iteration":548,"passed_time":4.419271507,"remaining_time":3.630403369},
{"learn":[0.07270876508],"iteration":549,"passed_time":4.426963908,"remaining_time":3.622061379},
{"learn":[0.07270845439],"iteration":550,"passed_time":4.433767768,"remaining_time":3.612997691},
{"learn":[0.07270397348],"iteration":551,"passed_time":4.44108157,"remaining_time":3.604356057},
{"learn":[0.07269355279],"iteration":552,"passed_time":4.447692516,"remaining_time":3.595151093},
{"learn":[0.07268787574],"iteration":553,"passed_time":4.456239728,"remaining_time":3.587514294},
{"learn":[0.07268143302],"iteration":554,"passed_time":4.462753484,"remaining_time":3.578243785},
{"learn":[0.07267397643],"iteration":555,"passed_time":4.471671154,"remaining_time":3.570902864},
{"learn":[0.07266388324],"iteration":556,"passed_time":4.477826756,"remaining_time":3.561359521},
{"learn":[0.07265860067],"iteration":557,"passed_time":4.485567106,"remaining_time":3.553083622},
{"learn":[0.07265542605],"iteration":558,"passed_time":4.492111386,"remaining_time":3.543866049},
{"learn":[0.0726487198],"iteration":559,"passed_time":4.5003424,"remaining_time":3.535983314},
{"learn":[0.07264226463],"iteration":560,"passed_time":4.506401092,"remaining_time":3.526399428},
{"learn":[0.07263890421],"iteration":561,"passed_time":4.51374381,"remaining_time":3.517828805},
{"learn":[0.07263458051],"iteration":562,"passed_time":4.524764867,"remaining_time":3.512117668},
{"learn":[0.07263064681],"iteration":563,"passed_time":4.531949597,"remaining_time":3.503422029},
{"learn":[0.07262573381],"iteration":564,"passed_time":4.540227904,"remaining_time":3.495573696},
{"learn":[0.07262359813],"iteration":565,"passed_time":4.548401897,"remaining_time":3.487643858},
{"learn":[0.072620189],"iteration":566,"passed_time":4.556030958,"remaining_time":3.47929701},
{"learn":[0.07261040931],"iteration":567,"passed_time":4.564533195,"remaining_time":3.471616796},
{"learn":[0.07260937073],"iteration":568,"passed_time":4.572467506,"remaining_time":3.463503506},
{"learn":[0.0726059525],"iteration":569,"passed_time":4.579569528,"remaining_time":3.454762977},
{"learn":[0.07260493364],"iteration":570,"passed_time":4.587603045,"remaining_time":3.446728032},
{"learn":[0.07260008527],"iteration":571,"passed_time":4.595880372,"remaining_time":3.438875523},
{"learn":[0.07259978723],"iteration":572,"passed_time":4.604046381,"remaining_time":3.430938577},
{"learn":[0.0725989369],"iteration":573,"passed_time":4.611728116,"remaining_time":3.422641424},
{"learn":[0.07259674539],"iteration":574,"passed_time":4.6183671,"remaining_time":3.413575683},
{"learn":[0.07259300846],"iteration":575,"passed_time":4.626374832,"remaining_time":3.405525918},
{"learn":[0.07259108811],"iteration":576,"passed_time":4.634419011,"remaining_time":3.397503019},
{"learn":[0.07258975788],"iteration":577,"passed_time":4.641829252,"remaining_time":3.389017205},
{"learn":[0.07258934068],"iteration":578,"passed_time":4.649772012,"remaining_time":3.380922309},
{"learn":[0.07258826605],"iteration":579,"passed_time":4.658249778,"remaining_time":3.373215356},
{"learn":[0.07258799957],"iteration":580,"passed_time":4.666088392,"remaining_time":3.365044813},
{"learn":[0.07258710303],"iteration":581,"passed_time":4.673287609,"remaining_time":3.356416186},
{"learn":[0.07258614546],"iteration":582,"passed_time":4.68130934,"remaining_time":3.34838078},
{"learn":[0.07258529549],"iteration":583,"passed_time":4.687938683,"remaining_time":3.339353582},
{"learn":[0.07258062214],"iteration":584,"passed_time":4.695595286,"remaining_time":3.331063323},
{"learn":[0.07257784635],"iteration":585,"passed_time":4.702310226,"remaining_time":3.322109955},
{"learn":[0.07257325429],"iteration":586,"passed_time":4.71135873,"remaining_time":3.314806057},
{"learn":[0.07256927638],"iteration":587,"passed_time":4.718461704,"remaining_time":3.306133031},
{"learn":[0.07256731156],"iteration":588,"passed_time":4.727281245,"remaining_time":3.298663144},
{"learn":[0.0725614632],"iteration":589,"passed_time":4.733979976,"remaining_time":3.289714899},
{"learn":[0.07255926404],"iteration":590,"passed_time":4.745448382,"remaining_time":3.284075107},
{"learn":[0.07255856506],"iteration":591,"passed_time":4.754203602,"remaining_time":3.276545726},
{"learn":[0.07255595767],"iteration":592,"passed_time":4.762209104,"remaining_time":3.268497648},
{"learn":[0.07254977618],"iteration":593,"passed_time":4.775660453,"remaining_time":3.264171959},
{"learn":[0.07254670341],"iteration":594,"passed_time":4.783865515,"remaining_time":3.256244594},
{"learn":[0.07254550129],"iteration":595,"passed_time":4.793280148,"remaining_time":3.249136208},
{"learn":[0.07254525824],"iteration":596,"passed_time":4.803294604,"remaining_time":3.242425001},
{"learn":[0.07254463568],"iteration":597,"passed_time":4.811203746,"remaining_time":3.234287468},
{"learn":[0.07254013682],"iteration":598,"passed_time":4.820162676,"remaining_time":3.226853478},
{"learn":[0.07253768391],"iteration":599,"passed_time":4.828723954,"remaining_time":3.219149303},
{"learn":[0.07253682709],"iteration":600,"passed_time":4.838614473,"remaining_time":3.21232475},
{"learn":[0.07253576781],"iteration":601,"passed_time":4.845014293,"remaining_time":3.203182207},
{"learn":[0.07253522797],"iteration":602,"passed_time":4.853577499,"remaining_time":3.19547308},
{"learn":[0.07253484246],"iteration":603,"passed_time":4.860294156,"remaining_time":3.186550473},
{"learn":[0.07253050322],"iteration":604,"passed_time":4.868100324,"remaining_time":3.178346493},
{"learn":[0.07252961927],"iteration":605,"passed_time":4.874995861,"remaining_time":3.169551764},
{"learn":[0.07252667707],"iteration":606,"passed_time":4.883171406,"remaining_time":3.16159203},
{"learn":[0.07252558678],"iteration":607,"passed_time":4.891291056,"remaining_time":3.153595549},
{"learn":[0.07251666999],"iteration":608,"passed_time":4.899230771,"remaining_time":3.145483139},
{"learn":[0.07251593681],"iteration":609,"passed_time":4.907764592,"remaining_time":3.137751133},
{"learn":[0.07251187782],"iteration":610,"passed_time":4.917083587,"remaining_time":3.130516392},
{"learn":[0.07250942078],"iteration":611,"passed_time":4.925362177,"remaining_time":3.122615236},
{"learn":[0.07250621549],"iteration":612,"passed_time":4.935689807,"remaining_time":3.116006453},
{"learn":[0.07250401891],"iteration":613,"passed_time":4.942198264,"remaining_time":3.106984576},
{"learn":[0.07250139099],"iteration":614,"passed_time":4.949497686,"remaining_time":3.098466031},
{"learn":[0.07250062745],"iteration":615,"passed_time":4.956809326,"remaining_time":3.08995906},
{"learn":[0.07249997197],"iteration":616,"passed_time":4.966895779,"remaining_time":3.083178417},
{"learn":[0.07249712617],"iteration":617,"passed_time":4.973302948,"remaining_time":3.074112826},
{"learn":[0.0724951624],"iteration":618,"passed_time":4.980953015,"remaining_time":3.065820838},
{"learn":[0.07249025865],"iteration":619,"passed_time":4.98880569,"remaining_time":3.0576551},
{"learn":[0.07248174535],"iteration":620,"passed_time":4.996696258,"remaining_time":3.049513497},
{"learn":[0.07247794574],"iteration":621,"passed_time":5.004306387,"remaining_time":3.041202274},
{"learn":[0.07247744552],"iteration":622,"passed_time":5.01240014,"remaining_time":3.033185959},
{"learn":[0.07247724212],"iteration":623,"passed_time":5.020234193,"remaining_time":3.025012911},
{"learn":[0.07247514548],"iteration":624,"passed_time":5.026484134,"remaining_time":3.01589048},
{"learn":[0.0724729032],"iteration":625,"passed_time":5.034029305,"remaining_time":3.007551054},
{"learn":[0.07247125716],"iteration":626,"passed_time":5.041591776,"remaining_time":2.999224454},
{"learn":[0.07247074642],"iteration":627,"passed_time":5.050157928,"remaining_time":2.991494824},
{"learn":[0.07247009127],"iteration":628,"passed_time":5.056736952,"remaining_time":2.982590476},
{"learn":[0.07246965008],"iteration":629,"passed_time":5.065341476,"remaining_time":2.974883089},
{"learn":[0.07246856946],"iteration":630,"passed_time":5.074123569,"remaining_time":2.967276699},
{"learn":[0.07246838419],"iteration":631,"passed_time":5.08130188,"remaining_time":2.95873274},
{"learn":[0.07246779909],"iteration":632,"passed_time":5.088168749,"remaining_time":2.950012529},
{"learn":[0.07246511344],"iteration":633,"passed_time":5.096282764,"remaining_time":2.942018125},
{"learn":[0.07246144532],"iteration":634,"passed_time":5.102784523,"remaining_time":2.933096616},
{"learn":[0.07245460984],"iteration":635,"passed_time":5.112801359,"remaining_time":2.926194488},
{"learn":[0.0724524327],"iteration":636,"passed_time":5.120982648,"remaining_time":2.918236579},
{"learn":[0.07245212723],"iteration":637,"passed_time":5.127960855,"remaining_time":2.909595344},
{"learn":[0.07244857947],"iteration":638,"passed_time":5.134536636,"remaining_time":2.900731965},
{"learn":[0.07244772219],"iteration":639,"passed_time":5.145034805,"remaining_time":2.894082078},
{"learn":[0.07244707023],"iteration":640,"passed_time":5.15128593,"remaining_time":2.885041574},
{"learn":[0.07244665017],"iteration":641,"passed_time":5.15909458,"remaining_time":2.876878286},
{"learn":[0.07244307607],"iteration":642,"passed_time":5.165466483,"remaining_time":2.867918405},
{"learn":[0.07244172198],"iteration":643,"passed_time":5.174413073,"remaining_time":2.860389835},
{"learn":[0.07244112995],"iteration":644,"passed_time":5.180982126,"remaining_time":2.851548302},
{"learn":[0.07243970709],"iteration":645,"passed_time":5.18790408,"remaining_time":2.842907189},
{"learn":[0.07243887503],"iteration":646,"passed_time":5.196152352,"remaining_time":2.834995024},
{"learn":[0.07243644965],"iteration":647,"passed_time":5.204060364,"remaining_time":2.826896988},
{"learn":[0.07243511334],"iteration":648,"passed_time":5.212124953,"remaining_time":2.81888422},
{"learn":[0.07242720118],"iteration":649,"passed_time":5.219999861,"remaining_time":2.810769156},
{"learn":[0.07242643382],"iteration":650,"passed_time":5.227452316,"remaining_time":2.802428354},
{"learn":[0.07242443076],"iteration":651,"passed_time":5.235697593,"remaining_time":2.794513439},
{"learn":[0.07242392363],"iteration":652,"passed_time":5.24296689,"remaining_time":2.786078883},
{"learn":[0.07242057877],"iteration":653,"passed_time":5.250705305,"remaining_time":2.777896079},
{"learn":[0.07241999524],"iteration":654,"passed_time":5.257977821,"remaining_time":2.769469234},
{"learn":[0.07241664721],"iteration":655,"passed_time":5.265915036,"remaining_time":2.76139447},
{"learn":[0.07240527257],"iteration":656,"passed_time":5.276189937,"remaining_time":2.754540561},
{"learn":[0.07239700235],"iteration":657,"passed_time":5.285046542,"remaining_time":2.746939084},
{"learn":[0.07239581274],"iteration":658,"passed_time":5.292756331,"remaining_time":2.738740378},
{"learn":[0.07239536928],"iteration":659,"passed_time":5.30174567,"remaining_time":2.731202315},
{"learn":[0.07239501175],"iteration":660,"passed_time":5.309094414,"remaining_time":2.722818466},
{"learn":[0.07239386864],"iteration":661,"passed_time":5.317604857,"remaining_time":2.715030878},
{"learn":[0.07238816022],"iteration":662,"passed_time":5.325571774,"remaining_time":2.706964839},
{"learn":[0.07238713803],"iteration":663,"passed_time":5.334608205,"remaining_time":2.699440297},
{"learn":[0.07238615753],"iteration":664,"passed_time":5.341914134,"remaining_time":2.691039451},
{"learn":[0.07238600108],"iteration":665,"passed_time":5.350218567,"remaining_time":2.683142645},
{"learn":[0.07238554839],"iteration":666,"passed_time":5.357921582,"remaining_time":2.674944358},
{"learn":[0.07237798389],"iteration":667,"passed_time":5.367340416,"remaining_time":2.667600326},
{"learn":[0.07237575302],"iteration":668,"passed_time":5.373891186,"remaining_time":2.658831065},
{"learn":[0.07237264178],"iteration":669,"passed_time":5.382278481,"remaining_time":2.650972983},
{"learn":[0.0723721067],"iteration":670,"passed_time":5.389528806,"remaining_time":2.642555853},
{"learn":[0.07237034288],"iteration":671,"passed_time":5.399215576,"remaining_time":2.635331412},
{"learn":[0.07236986139],"iteration":672,"passed_time":5.405872434,"remaining_time":2.626627468},
{"learn":[0.07236957614],"iteration":673,"passed_time":5.414700778,"remaining_time":2.618979902},
{"learn":[0.07236868609],"iteration":674,"passed_time":5.422012672,"remaining_time":2.610598694},
{"learn":[0.07236565824],"iteration":675,"passed_time":5.431560133,"remaining_time":2.603292135},
{"learn":[0.07236533845],"iteration":676,"passed_time":5.438780585,"remaining_time":2.594868728},
{"learn":[0.0723646064],"iteration":677,"passed_time":5.44804884,"remaining_time":2.587421425},
{"learn":[0.07236368015],"iteration":678,"passed_time":5.455600813,"remaining_time":2.57915738},
{"learn":[0.07236280605],"iteration":679,"passed_time":5.464756825,"remaining_time":2.571650271},
{"learn":[0.07236031347],"iteration":680,"passed_time":5.472381898,"remaining_time":2.563421183},
{"learn":[0.07235420928],"iteration":681,"passed_time":5.481043968,"remaining_time":2.555677393},
{"learn":[0.07235299926],"iteration":682,"passed_time":5.488991742,"remaining_time":2.547599388},
{"learn":[0.07235037842],"iteration":683,"passed_time":5.497753177,"remaining_time":2.539897667},
{"learn":[0.07235023801],"iteration":684,"passed_time":5.50689235,"remaining_time":2.532366555},
{"learn":[0.07234956911],"iteration":685,"passed_time":5.51512578,"remaining_time":2.524416173},
{"learn":[0.07234928285],"iteration":686,"passed_time":5.523460877,"remaining_time":2.516511288},
{"learn":[0.07234722093],"iteration":687,"passed_time":5.532217363,"remaining_time":2.508796246},
{"learn":[0.07234466574],"iteration":688,"passed_time":5.540773578,"remaining_time":2.500987784},
{"learn":[0.07233889202],"iteration":689,"passed_time":5.54787911,"remaining_time":2.492525397},
{"learn":[0.07233489599],"iteration":690,"passed_time":5.55545272,"remaining_time":2.484276253},
{"learn":[0.0723273038],"iteration":691,"passed_time":5.562926203,"remaining_time":2.475984495},
{"learn":[0.07232718173],"iteration":692,"passed_time":5.571886311,"remaining_time":2.468353676},
{"learn":[0.07232493297],"iteration":693,"passed_time":5.579089457,"remaining_time":2.459944343},
{"learn":[0.07232191513],"iteration":694,"passed_time":5.587780363,"remaining_time":2.452191382},
{"learn":[0.07231807407],"iteration":695,"passed_time":5.59595791,"remaining_time":2.444211501},
{"learn":[0.07231776966],"iteration":696,"passed_time":5.604626857,"remaining_time":2.436444674},
{"learn":[0.07231711885],"iteration":697,"passed_time":5.611538141,"remaining_time":2.427914783},
{"learn":[0.07231419983],"iteration":698,"passed_time":5.619065276,"remaining_time":2.419654718},
{"learn":[0.07230723069],"iteration":699,"passed_time":5.627283145,"remaining_time":2.411692776},
{"learn":[0.07230642085],"iteration":700,"passed_time":5.635190323,"remaining_time":2.403597584},
{"learn":[0.07230617372],"iteration":701,"passed_time":5.643252523,"remaining_time":2.395568735},
{"learn":[0.07230487813],"iteration":702,"passed_time":5.651451349,"remaining_time":2.387597511},
{"learn":[0.07230414306],"iteration":703,"passed_time":5.65864056,"remaining_time":2.379201144},
{"learn":[0.07230355273],"iteration":704,"passed_time":5.665838297,"remaining_time":2.370811769},
{"learn":[0.07230297382],"iteration":705,"passed_time":5.673729834,"remaining_time":2.36271469},
{"learn":[0.07230118049],"iteration":706,"passed_time":5.681046154,"remaining_time":2.354379806},
{"learn":[0.07229984825],"iteration":707,"passed_time":5.689323602,"remaining_time":2.346444197},
{"learn":[0.07229777141],"iteration":708,"passed_time":5.694794181,"remaining_time":2.337355581},
{"learn":[0.07229576817],"iteration":709,"passed_time":5.703632883,"remaining_time":2.329652868},
{"learn":[0.07228937009],"iteration":710,"passed_time":5.709809018,"remaining_time":2.320864706},
{"learn":[0.07228490822],"iteration":711,"passed_time":5.717575968,"remaining_time":2.312727358},
{"learn":[0.07228436806],"iteration":712,"passed_time":5.724889397,"remaining_time":2.304408495},
{"learn":[0.0722803752],"iteration":713,"passed_time":5.732352108,"remaining_time":2.296152245},
{"learn":[0.07227665267],"iteration":714,"passed_time":5.739901173,"remaining_time":2.287932635},
{"learn":[0.07227318095],"iteration":715,"passed_time":5.750640988,"remaining_time":2.280980503},
{"learn":[0.07227296538],"iteration":716,"passed_time":5.75791612,"remaining_time":2.272650295},
{"learn":[0.07227014496],"iteration":717,"passed_time":5.767241046,"remaining_time":2.265128099},
{"learn":[0.07226652461],"iteration":718,"passed_time":5.773634767,"remaining_time":2.256455312},
{"learn":[0.07226397125],"iteration":719,"passed_time":5.78260878,"remaining_time":2.248792303},
{"learn":[0.07226237025],"iteration":720,"passed_time":5.789181714,"remaining_time":2.24019653},
{"learn":[0.07226185432],"iteration":721,"passed_time":5.798573434,"remaining_time":2.23269171},
{"learn":[0.07226118122],"iteration":722,"passed_time":5.804698056,"remaining_time":2.223929961},
{"learn":[0.07225998671],"iteration":723,"passed_time":5.814071499,"remaining_time":2.216413997},
{"learn":[0.07225718668],"iteration":724,"passed_time":5.820682805,"remaining_time":2.207845202},
{"learn":[0.07225503113],"iteration":725,"passed_time":5.828777329,"remaining_time":2.199841581},
{"learn":[0.07224985969],"iteration":726,"passed_time":5.836183394,"remaining_time":2.191579184},
{"learn":[0.07224975953],"iteration":727,"passed_time":5.843826258,"remaining_time":2.183407613},
{"learn":[0.07224279557],"iteration":728,"passed_time":5.851935889,"remaining_time":2.17541101},
{"learn":[0.0722408609],"iteration":729,"passed_time":5.85941771,"remaining_time":2.167181893},
{"learn":[0.07224037502],"iteration":730,"passed_time":5.867214618,"remaining_time":2.159070769},
{"learn":[0.07224016185],"iteration":731,"passed_time":5.874800452,"remaining_time":2.150883226},
{"learn":[0.07223909105],"iteration":732,"passed_time":5.881825854,"remaining_time":2.142493183},
{"learn":[0.07223718423],"iteration":733,"passed_time":5.888351278,"remaining_time":2.133925667},
{"learn":[0.07223540549],"iteration":734,"passed_time":5.896704442,"remaining_time":2.12602269},
{"learn":[0.0722349706],"iteration":735,"passed_time":5.904570774,"remaining_time":2.117943865},
{"learn":[0.07223368609],"iteration":736,"passed_time":5.912917661,"remaining_time":2.110037103},
{"learn":[0.07223209881],"iteration":737,"passed_time":5.920071752,"remaining_time":2.10170569},
{"learn":[0.07222688977],"iteration":738,"passed_time":5.92788929,"remaining_time":2.093611779},
{"learn":[0.07222636799],"iteration":739,"passed_time":5.934066941,"remaining_time":2.084942439},
{"learn":[0.07222329333],"iteration":740,"passed_time":5.942447439,"remaining_time":2.077049779},
{"learn":[0.07222303565],"iteration":741,"passed_time":5.949026907,"remaining_time":2.068529572},
{"learn":[0.07221852656],"iteration":742,"passed_time":5.956925044,"remaining_time":2.060470708},
{"learn":[0.07221410674],"iteration":743,"passed_time":5.964186136,"remaining_time":2.052193079},
{"learn":[0.07221371266],"iteration":744,"passed_time":5.971718821,"remaining_time":2.04401114},
{"learn":[0.07221348067],"iteration":745,"passed_time":5.979025445,"remaining_time":2.035753972},
{"learn":[0.07221083946],"iteration":746,"passed_time":5.985952567,"remaining_time":2.027370816},
{"learn":[0.07221061188],"iteration":747,"passed_time":5.995174027,"remaining_time":2.019764512},
{"learn":[0.07220395091],"iteration":748,"passed_time":6.003076763,"remaining_time":2.011711973},
{"learn":[0.07220233986],"iteration":749,"passed_time":6.011236361,"remaining_time":2.003745454},
{"learn":[0.07219963403],"iteration":750,"passed_time":6.018913459,"remaining_time":1.995618444},
{"learn":[0.07219913413],"iteration":751,"passed_time":6.026440026,"remaining_time":1.987442987},
{"learn":[0.07219615209],"iteration":752,"passed_time":6.035397562,"remaining_time":1.979738643},
{"learn":[0.07219215044],"iteration":753,"passed_time":6.043183598,"remaining_time":1.97164876},
{"learn":[0.07219181058],"iteration":754,"passed_time":6.051071761,"remaining_time":1.963592823},
{"learn":[0.07218768133],"iteration":755,"passed_time":6.058910151,"remaining_time":1.955521266},
{"learn":[0.07218565133],"iteration":756,"passed_time":6.066746702,"remaining_time":1.947449734},
{"learn":[0.07218524596],"iteration":757,"passed_time":6.074635903,"remaining_time":1.939395631},
{"learn":[0.07218367634],"iteration":758,"passed_time":6.082912514,"remaining_time":1.931464975},
{"learn":[0.07218068042],"iteration":759,"passed_time":6.090316421,"remaining_time":1.923257817},
{"learn":[0.07217838442],"iteration":760,"passed_time":6.098987833,"remaining_time":1.915450844},
{"learn":[0.07217742283],"iteration":761,"passed_time":6.107126496,"remaining_time":1.907475205},
{"learn":[0.0721750291],"iteration":762,"passed_time":6.115922687,"remaining_time":1.899703377},
{"learn":[0.07217368939],"iteration":763,"passed_time":6.124595263,"remaining_time":1.891890683},
{"learn":[0.07217171147],"iteration":764,"passed_time":6.13502809,"remaining_time":1.884616472},
{"learn":[0.07216523957],"iteration":765,"passed_time":6.141913769,"remaining_time":1.87625042},
{"learn":[0.07216448029],"iteration":766,"passed_time":6.152419369,"remaining_time":1.868987892},
{"learn":[0.07216374433],"iteration":767,"passed_time":6.159987829,"remaining_time":1.860829657},
{"learn":[0.07216328603],"iteration":768,"passed_time":6.169350183,"remaining_time":1.853211823},
{"learn":[0.0721570212],"iteration":769,"passed_time":6.177093972,"remaining_time":1.845105992},
{"learn":[0.07215582411],"iteration":770,"passed_time":6.185435077,"remaining_time":1.837178512},
{"learn":[0.0721557179],"iteration":771,"passed_time":6.192784948,"remaining_time":1.828957213},
{"learn":[0.07214980862],"iteration":772,"passed_time":6.200617039,"remaining_time":1.820879777},
{"learn":[0.07214761774],"iteration":773,"passed_time":6.206714714,"remaining_time":1.812296544},
{"learn":[0.07214461093],"iteration":774,"passed_time":6.216310641,"remaining_time":1.804735347},
{"learn":[0.07214336491],"iteration":775,"passed_time":6.222620866,"remaining_time":1.796220456},
{"learn":[0.07214199865],"iteration":776,"passed_time":6.231252786,"remaining_time":1.788377569},
{"learn":[0.0721359351],"iteration":777,"passed_time":6.237798846,"remaining_time":1.77993746},
{"learn":[0.07213581376],"iteration":778,"passed_time":6.246680671,"remaining_time":1.772164863},
{"learn":[0.07213563599],"iteration":779,"passed_time":6.252759182,"remaining_time":1.763598744},
{"learn":[0.07213516957],"iteration":780,"passed_time":6.259827551,"remaining_time":1.75531656},
{"learn":[0.07213460076],"iteration":781,"passed_time":6.267349092,"remaining_time":1.747163813},
{"learn":[0.07213418557],"iteration":782,"passed_time":6.275926249,"remaining_time":1.739305231},
{"learn":[0.07213382316],"iteration":783,"passed_time":6.283110779,"remaining_time":1.731061133},
{"learn":[0.07212610004],"iteration":784,"passed_time":6.291252797,"remaining_time":1.723081976},
{"learn":[0.0721202293],"iteration":785,"passed_time":6.29953398,"remaining_time":1.715140295},
{"learn":[0.07211978336],"iteration":786,"passed_time":6.307337443,"remaining_time":1.707068457},
{"learn":[0.07211959845],"iteration":787,"passed_time":6.31473792,"remaining_time":1.698888882},
{"learn":[0.07211890125],"iteration":788,"passed_time":6.322195229,"remaining_time":1.690726481},
{"learn":[0.0721182844],"iteration":789,"passed_time":6.330023508,"remaining_time":1.682664477},
{"learn":[0.07211740544],"iteration":790,"passed_time":6.33726446,"remaining_time":1.674447879},
{"learn":[0.07211718693],"iteration":791,"passed_time":6.344432832,"remaining_time":1.666214683},
{"learn":[0.07211686358],"iteration":792,"passed_time":6.350989011,"remaining_time":1.65782437},
{"learn":[0.07211646533],"iteration":793,"passed_time":6.35970934,"remaining_time":1.650000156},
{"learn":[0.07211617649],"iteration":794,"passed_time":6.36757203,"remaining_time":1.641952536},
{"learn":[0.07211606051],"iteration":795,"passed_time":6.376456113,"remaining_time":1.634167145},
{"learn":[0.07211405065],"iteration":796,"passed_time":6.383174947,"remaining_time":1.625827496},
{"learn":[0.07210683999],"iteration":797,"passed_time":6.391709604,"remaining_time":1.617951554},
{"learn":[0.07210117308],"iteration":798,"passed_time":6.398783945,"remaining_time":1.609706599},
{"learn":[0.07210008227],"iteration":799,"passed_time":6.406290818,"remaining_time":1.601572705},
{"learn":[0.07209778781],"iteration":800,"passed_time":6.413207919,"remaining_time":1.593293852},
{"learn":[0.07209411464],"iteration":801,"passed_time":6.421597069,"remaining_time":1.58538182},
{"learn":[0.07209386471],"iteration":802,"passed_time":6.428289262,"remaining_time":1.577052285},
{"learn":[0.07209137247],"iteration":803,"passed_time":6.435898363,"remaining_time":1.568950347},
{"learn":[0.07208881606],"iteration":804,"passed_time":6.446040315,"remaining_time":1.561463182},
{"learn":[0.07208851032],"iteration":805,"passed_time":6.456600832,"remaining_time":1.554070176},
{"learn":[0.07208813901],"iteration":806,"passed_time":6.464098326,"remaining_time":1.545936774},
{"learn":[0.07208722631],"iteration":807,"passed_time":6.472590631,"remaining_time":1.538041338},
{"learn":[0.07208700368],"iteration":808,"passed_time":6.478438057,"remaining_time":1.529519986},
{"learn":[0.0720848869],"iteration":809,"passed_time":6.488366139,"remaining_time":1.521962428},
{"learn":[0.07208282373],"iteration":810,"passed_time":6.502755532,"remaining_time":1.515438712},
{"learn":[0.07208079109],"iteration":811,"passed_time":6.508113937,"remaining_time":1.506804705},
{"learn":[0.07207870282],"iteration":812,"passed_time":6.519425203,"remaining_time":1.499547987},
{"learn":[0.07207506406],"iteration":813,"passed_time":6.527858197,"remaining_time":1.491623617},
{"learn":[0.0720727054],"iteration":814,"passed_time":6.535476233,"remaining_time":1.48351301},
{"learn":[0.07207044105],"iteration":815,"passed_time":6.544493373,"remaining_time":1.475719094},
{"learn":[0.07206676353],"iteration":816,"passed_time":6.553708306,"remaining_time":1.467966487},
{"learn":[0.07206487429],"iteration":817,"passed_time":6.562682008,"remaining_time":1.460156633},
{"learn":[0.07206224154],"iteration":818,"passed_time":6.571947595,"remaining_time":1.452408443},
{"learn":[0.07206200722],"iteration":819,"passed_time":6.580367536,"remaining_time":1.444470922},
{"learn":[0.07206192288],"iteration":820,"passed_time":6.586962979,"remaining_time":1.436134438},
{"learn":[0.07205994373],"iteration":821,"passed_time":6.595794538,"remaining_time":1.428286408},
{"learn":[0.07205788407],"iteration":822,"passed_time":6.603908103,"remaining_time":1.420281573},
{"learn":[0.07205651823],"iteration":823,"passed_time":6.613705381,"remaining_time":1.412636101},
{"learn":[0.07205513075],"iteration":824,"passed_time":6.619989625,"remaining_time":1.404240223},
{"learn":[0.07205381484],"iteration":825,"passed_time":6.628182174,"remaining_time":1.396251451},
{"learn":[0.07205258765],"iteration":826,"passed_time":6.63580212,"remaining_time":1.388142402},
{"learn":[0.07205176494],"iteration":827,"passed_time":6.64454206,"remaining_time":1.380267191},
{"learn":[0.07204595239],"iteration":828,"passed_time":6.65264264,"remaining_time":1.372258011},
{"learn":[0.07204404027],"iteration":829,"passed_time":6.66043811,"remaining_time":1.364186119},
{"learn":[0.07204389138],"iteration":830,"passed_time":6.668430308,"remaining_time":1.3561549},
{"learn":[0.07204370143],"iteration":831,"passed_time":6.677764132,"remaining_time":1.348394681},
{"learn":[0.07204297958],"iteration":832,"passed_time":6.685241251,"remaining_time":1.34025845},
{"learn":[0.07204074502],"iteration":833,"passed_time":6.694549236,"remaining_time":1.332488217},
{"learn":[0.07203529444],"iteration":834,"passed_time":6.701541945,"remaining_time":1.324256792},
{"learn":[0.07203426103],"iteration":835,"passed_time":6.710985538,"remaining_time":1.316509125},
{"learn":[0.07203405358],"iteration":836,"passed_time":6.718120204,"remaining_time":1.308307758},
{"learn":[0.07203391959],"iteration":837,"passed_time":6.726230694,"remaining_time":1.30029758},
{"learn":[0.07203355987],"iteration":838,"passed_time":6.73335684,"remaining_time":1.292098273},
{"learn":[0.0720296165],"iteration":839,"passed_time":6.74214729,"remaining_time":1.284218531},
{"learn":[0.07202641623],"iteration":840,"passed_time":6.749704188,"remaining_time":1.276103408},
{"learn":[0.07202396789],"iteration":841,"passed_time":6.760167851,"remaining_time":1.26853506},
{"learn":[0.07202165655],"iteration":842,"passed_time":6.768922923,"remaining_time":1.260641636},
{"learn":[0.07202143431],"iteration":843,"passed_time":6.778653797,"remaining_time":1.252926531},
{"learn":[0.0720164778],"iteration":844,"passed_time":6.788252922,"remaining_time":1.245182489},
{"learn":[0.07201614707],"iteration":845,"passed_time":6.796640891,"remaining_time":1.23721359},
{"learn":[0.07201497244],"iteration":846,"passed_time":6.806925509,"remaining_time":1.229586308},
{"learn":[0.07201471325],"iteration":847,"passed_time":6.819082097,"remaining_time":1.2222883},
{"learn":[0.07201286489],"iteration":848,"passed_time":6.827938133,"remaining_time":1.214391823},
{"learn":[0.07201257009],"iteration":849,"passed_time":6.852154216,"remaining_time":1.209203685},
{"learn":[0.07201249181],"iteration":850,"passed_time":6.862540816,"remaining_time":1.20154945},
{"learn":[0.07201156866],"iteration":851,"passed_time":6.876043388,"remaining_time":1.194430072},
{"learn":[0.07201065437],"iteration":852,"passed_time":6.887078706,"remaining_time":1.186870539},
{"learn":[0.07200891951],"iteration":853,"passed_time":6.894698203,"remaining_time":1.178718897},
{"learn":[0.07200856567],"iteration":854,"passed_time":6.904618612,"remaining_time":1.170958712},
{"learn":[0.07200828528],"iteration":855,"passed_time":6.911103992,"remaining_time":1.162615625},
{"learn":[0.0720081629],"iteration":856,"passed_time":6.918889961,"remaining_time":1.154493891},
{"learn":[0.07200801044],"iteration":857,"passed_time":6.926449965,"remaining_time":1.146335542},
{"learn":[0.07200742823],"iteration":858,"passed_time":6.935123669,"remaining_time":1.138361394},
{"learn":[0.07200646056],"iteration":859,"passed_time":6.941678781,"remaining_time":1.130040732},
{"learn":[0.07200632774],"iteration":860,"passed_time":6.948411523,"remaining_time":1.121752847},
{"learn":[0.07200459381],"iteration":861,"passed_time":6.956416104,"remaining_time":1.113672184},
{"learn":[0.07200372373],"iteration":862,"passed_time":6.964723265,"remaining_time":1.10563973},
{"learn":[0.07200272533],"iteration":863,"passed_time":6.972047289,"remaining_time":1.097451888},
{"learn":[0.07200194799],"iteration":864,"passed_time":6.979768662,"remaining_time":1.089328057},
{"learn":[0.07200097052],"iteration":865,"passed_time":6.987569743,"remaining_time":1.081217489},
{"learn":[0.07199947154],"iteration":866,"passed_time":6.995041646,"remaining_time":1.073057138},
{"learn":[0.0719989395],"iteration":867,"passed_time":7.002555757,"remaining_time":1.064904793},
{"learn":[0.07199689092],"iteration":868,"passed_time":7.009891279,"remaining_time":1.056726994},
{"learn":[0.0719936194],"iteration":869,"passed_time":7.018020707,"remaining_time":1.048669761},
{"learn":[0.07199146326],"iteration":870,"passed_time":7.026081182,"remaining_time":1.04060215},
{"learn":[0.07199095951],"iteration":871,"passed_time":7.03409361,"remaining_time":1.032527502},
{"learn":[0.0719893213],"iteration":872,"passed_time":7.041828394,"remaining_time":1.024412607},
{"learn":[0.07198757679],"iteration":873,"passed_time":7.049308402,"remaining_time":1.016261852},
{"learn":[0.07198568259],"iteration":874,"passed_time":7.057467862,"remaining_time":1.008209695},
{"learn":[0.07198494581],"iteration":875,"passed_time":7.065005117,"remaining_time":1.000069217},
{"learn":[0.07198029262],"iteration":876,"passed_time":7.073889085,"remaining_time":0.9921189937},
{"learn":[0.07197984097],"iteration":877,"passed_time":7.082098813,"remaining_time":0.9840729557},
{"learn":[0.07197936134],"iteration":878,"passed_time":7.091188588,"remaining_time":0.9761476896},
{"learn":[0.0719786494],"iteration":879,"passed_time":7.099630202,"remaining_time":0.9681313912},
{"learn":[0.0719778653],"iteration":880,"passed_time":7.106833217,"remaining_time":0.959946825},
{"learn":[0.07197754897],"iteration":881,"passed_time":7.11472343,"remaining_time":0.9518564226},
{"learn":[0.07197552883],"iteration":882,"passed_time":7.122659777,"remaining_time":0.9437725865},
{"learn":[0.07197049016],"iteration":883,"passed_time":7.130675488,"remaining_time":0.9356994984},
{"learn":[0.07197031354],"iteration":884,"passed_time":7.137660912,"remaining_time":0.9274926609},
{"learn":[0.07196965207],"iteration":885,"passed_time":7.144971667,"remaining_time":0.9193304402},
{"learn":[0.07196922594],"iteration":886,"passed_time":7.154229676,"remaining_time":0.9114182112},
{"learn":[0.07196858553],"iteration":887,"passed_time":7.162457078,"remaining_time":0.9033729648},
{"learn":[0.0719672106],"iteration":888,"passed_time":7.170724342,"remaining_time":0.8953322856},
{"learn":[0.07196687934],"iteration":889,"passed_time":7.177873237,"remaining_time":0.887152872},
{"learn":[0.07196200155],"iteration":890,"passed_time":7.186536866,"remaining_time":0.8791610757},
{"learn":[0.07196119104],"iteration":891,"passed_time":7.194008722,"remaining_time":0.8710234775},
{"learn":[0.07196096629],"iteration":892,"passed_time":7.201464076,"remaining_time":0.8628853932},
{"learn":[0.07196077575],"iteration":893,"passed_time":7.209416571,"remaining_time":0.8548077813},
{"learn":[0.07195556667],"iteration":894,"passed_time":7.21755902,"remaining_time":0.8467527341},
{"learn":[0.07195232398],"iteration":895,"passed_time":7.225678305,"remaining_time":0.8386948033},
{"learn":[0.0719503208],"iteration":896,"passed_time":7.234080013,"remaining_time":0.8306691654},
{"learn":[0.07194774959],"iteration":897,"passed_time":7.24251972,"remaining_time":0.822647006},
{"learn":[0.07194600367],"iteration":898,"passed_time":7.250183576,"remaining_time":0.8145367532},
{"learn":[0.07194382811],"iteration":899,"passed_time":7.258316035,"remaining_time":0.8064795594},
{"learn":[0.07194333217],"iteration":900,"passed_time":7.265987064,"remaining_time":0.7983714976},
{"learn":[0.07194026384],"iteration":901,"passed_time":7.274218181,"remaining_time":0.7903252569},
{"learn":[0.07193763863],"iteration":902,"passed_time":7.281162968,"remaining_time":0.7821404296},
{"learn":[0.07193565624],"iteration":903,"passed_time":7.289839198,"remaining_time":0.7741422157},
{"learn":[0.07193330126],"iteration":904,"passed_time":7.298544229,"remaining_time":0.7661455268},
{"learn":[0.07192857944],"iteration":905,"passed_time":7.306499438,"remaining_time":0.7580694781},
{"learn":[0.0719267683],"iteration":906,"passed_time":7.31462799,"remaining_time":0.7500114697},
{"learn":[0.071924885],"iteration":907,"passed_time":7.322885085,"remaining_time":0.7419663302},
{"learn":[0.07192433951],"iteration":908,"passed_time":7.330248796,"remaining_time":0.7338312876},
{"learn":[0.07192220676],"iteration":909,"passed_time":7.338201749,"remaining_time":0.725756217},
{"learn":[0.07192087667],"iteration":910,"passed_time":7.346166539,"remaining_time":0.7176825708},
{"learn":[0.07192058495],"iteration":911,"passed_time":7.354467164,"remaining_time":0.7096415685},
{"learn":[0.07191898348],"iteration":912,"passed_time":7.361616075,"remaining_time":0.7014902503},
{"learn":[0.07191880065],"iteration":913,"passed_time":7.369187837,"remaining_time":0.6933809125},
{"learn":[0.07191732992],"iteration":914,"passed_time":7.376745241,"remaining_time":0.6852714159},
{"learn":[0.07191706956],"iteration":915,"passed_time":7.384979393,"remaining_time":0.6772251845},
{"learn":[0.0719163937],"iteration":916,"passed_time":7.391980233,"remaining_time":0.6690669131},
{"learn":[0.07191619637],"iteration":917,"passed_time":7.399056532,"remaining_time":0.6609179037},
{"learn":[0.07191603376],"iteration":918,"passed_time":7.404779171,"remaining_time":0.6526519183},
{"learn":[0.07191585629],"iteration":919,"passed_time":7.413894968,"remaining_time":0.644686519},
{"learn":[0.07191538934],"iteration":920,"passed_time":7.419670547,"remaining_time":0.6364321099},
{"learn":[0.07191341146],"iteration":921,"passed_time":7.428603526,"remaining_time":0.6284501898},
{"learn":[0.07191222093],"iteration":922,"passed_time":7.435864403,"remaining_time":0.6203267161},
{"learn":[0.0719117947],"iteration":923,"passed_time":7.44476256,"remaining_time":0.6123397776},
{"learn":[0.07191043982],"iteration":924,"passed_time":7.452142195,"remaining_time":0.6042277456},
{"learn":[0.07190873789],"iteration":925,"passed_time":7.461332702,"remaining_time":0.5962620086},
{"learn":[0.0719068019],"iteration":926,"passed_time":7.468118866,"remaining_time":0.5881042904},
{"learn":[0.07190537648],"iteration":927,"passed_time":7.47644254,"remaining_time":0.5800688178},
{"learn":[0.0719035437],"iteration":928,"passed_time":7.483268299,"remaining_time":0.5719182446},
{"learn":[0.07190336999],"iteration":929,"passed_time":7.490468153,"remaining_time":0.5637986782},
{"learn":[0.07190322165],"iteration":930,"passed_time":7.498220648,"remaining_time":0.5557220459},
{"learn":[0.07190276767],"iteration":931,"passed_time":7.505132005,"remaining_time":0.5475847386},
{"learn":[0.07190250339],"iteration":932,"passed_time":7.513067878,"remaining_time":0.5395236311},
{"learn":[0.07190236395],"iteration":933,"passed_time":7.519988888,"remaining_time":0.5313910777},
{"learn":[0.07190180536],"iteration":934,"passed_time":7.528198828,"remaining_time":0.5233507206},
{"learn":[0.07190158159],"iteration":935,"passed_time":7.536162384,"remaining_time":0.5152931544},
{"learn":[0.07190132263],"iteration":936,"passed_time":7.54457669,"remaining_time":0.5072660955},
{"learn":[0.07190007393],"iteration":937,"passed_time":7.554487236,"remaining_time":0.4993371094},
{"learn":[0.07189857318],"iteration":938,"passed_time":7.562330638,"remaining_time":0.4912696155},
{"learn":[0.071893956],"iteration":939,"passed_time":7.569645572,"remaining_time":0.4831688663},
{"learn":[0.07189384301],"iteration":940,"passed_time":7.577188188,"remaining_time":0.4750840628},
{"learn":[0.07189237477],"iteration":941,"passed_time":7.585684688,"remaining_time":0.4670591421},
{"learn":[0.0718896632],"iteration":942,"passed_time":7.593750526,"remaining_time":0.4590071898},
{"learn":[0.07188735665],"iteration":943,"passed_time":7.601703489,"remaining_time":0.450948512},
{"learn":[0.07188712698],"iteration":944,"passed_time":7.608718473,"remaining_time":0.4428354667},
{"learn":[0.07188602632],"iteration":945,"passed_time":7.616564668,"remaining_time":0.4347721904},
{"learn":[0.07188495711],"iteration":946,"passed_time":7.624565714,"remaining_time":0.4267180389},
{"learn":[0.07188469691],"iteration":947,"passed_time":7.631505582,"remaining_time":0.4186057914},
{"learn":[0.07188360576],"iteration":948,"passed_time":7.639135039,"remaining_time":0.4105330738},
{"learn":[0.07188286584],"iteration":949,"passed_time":7.645689731,"remaining_time":0.4024047227},
{"learn":[0.07188262921],"iteration":950,"passed_time":7.654632807,"remaining_time":0.3944027419},
{"learn":[0.0718820177],"iteration":951,"passed_time":7.661373695,"remaining_time":0.3862877493},
{"learn":[0.07187983614],"iteration":952,"passed_time":7.669302814,"remaining_time":0.3782342416},
{"learn":[0.0718773669],"iteration":953,"passed_time":7.67565583,"remaining_time":0.3701049981},
{"learn":[0.0718753196],"iteration":954,"passed_time":7.682587313,"remaining_time":0.362006732},
{"learn":[0.07187451993],"iteration":955,"passed_time":7.690162196,"remaining_time":0.3539405195},
{"learn":[0.07187336182],"iteration":956,"passed_time":7.69792732,"remaining_time":0.3458838817},
{"learn":[0.07187239394],"iteration":957,"passed_time":7.705849525,"remaining_time":0.3378347391},
{"learn":[0.0718720211],"iteration":958,"passed_time":7.715188169,"remaining_time":0.3298464181},
{"learn":[0.07187016329],"iteration":959,"passed_time":7.722098884,"remaining_time":0.3217541201},
{"learn":[0.07186944162],"iteration":960,"passed_time":7.730144802,"remaining_time":0.313710351},
{"learn":[0.0718684916],"iteration":961,"passed_time":7.741499415,"remaining_time":0.3057972742},
{"learn":[0.07186670854],"iteration":962,"passed_time":7.750266352,"remaining_time":0.2977776272},
{"learn":[0.07186658383],"iteration":963,"passed_time":7.759925399,"remaining_time":0.2897897452},
{"learn":[0.07186577538],"iteration":964,"passed_time":7.767851754,"remaining_time":0.2817355558},
{"learn":[0.0718653251],"iteration":965,"passed_time":7.7765749,"remaining_time":0.2737096756},
{"learn":[0.07186501948],"iteration":966,"passed_time":7.785168436,"remaining_time":0.2656779301},
{"learn":[0.07186491763],"iteration":967,"passed_time":7.795591247,"remaining_time":0.2577054958},
{"learn":[0.07186454072],"iteration":968,"passed_time":7.802922713,"remaining_time":0.2496291064},
{"learn":[0.07186434236],"iteration":969,"passed_time":7.812928077,"remaining_time":0.2416369508},
{"learn":[0.07186294891],"iteration":970,"passed_time":7.820330608,"remaining_time":0.2335629121},
{"learn":[0.07186131464],"iteration":971,"passed_time":7.829080788,"remaining_time":0.2255290762},
{"learn":[0.07186108417],"iteration":972,"passed_time":7.8362215,"remaining_time":0.2174491064},
{"learn":[0.07185768954],"iteration":973,"passed_time":7.844818843,"remaining_time":0.2094099486},
{"learn":[0.0718567101],"iteration":974,"passed_time":7.852443406,"remaining_time":0.2013447027},
{"learn":[0.07185582634],"iteration":975,"passed_time":7.861046158,"remaining_time":0.1933044137},
{"learn":[0.07185561427],"iteration":976,"passed_time":7.867844473,"remaining_time":0.1852204943},
{"learn":[0.07185398674],"iteration":977,"passed_time":7.876402349,"remaining_time":0.1771787849},
{"learn":[0.07185080528],"iteration":978,"passed_time":7.885486838,"remaining_time":0.1691473173},
{"learn":[0.071849569],"iteration":979,"passed_time":7.894819372,"remaining_time":0.1611187627},
{"learn":[0.07184936314],"iteration":980,"passed_time":7.903595541,"remaining_time":0.153076774},
{"learn":[0.07184848711],"iteration":981,"passed_time":7.911855084,"remaining_time":0.1450238203},
{"learn":[0.07184689739],"iteration":982,"passed_time":7.919791849,"remaining_time":0.1369648641},
{"learn":[0.07184583459],"iteration":983,"passed_time":7.928631351,"remaining_time":0.128920835},
{"learn":[0.07184485061],"iteration":984,"passed_time":7.938673796,"remaining_time":0.1208935096},
{"learn":[0.07184257313],"iteration":985,"passed_time":7.94663723,"remaining_time":0.1128325773},
{"learn":[0.07184186895],"iteration":986,"passed_time":7.95616354,"remaining_time":0.1047924276},
{"learn":[0.07184118439],"iteration":987,"passed_time":7.96382407,"remaining_time":0.09672660814},
{"learn":[0.07183903204],"iteration":988,"passed_time":7.972072887,"remaining_time":0.08866815142},
{"learn":[0.07183885918],"iteration":989,"passed_time":7.978622211,"remaining_time":0.08059214354},
{"learn":[0.07183806856],"iteration":990,"passed_time":7.988250672,"remaining_time":0.07254718068},
{"learn":[0.07183774182],"iteration":991,"passed_time":7.997193108,"remaining_time":0.06449349281},
{"learn":[0.07183761697],"iteration":992,"passed_time":8.004656386,"remaining_time":0.05642758782},
{"learn":[0.07183753056],"iteration":993,"passed_time":8.01200314,"remaining_time":0.04836219199},
{"learn":[0.07183603767],"iteration":994,"passed_time":8.020514284,"remaining_time":0.04030409188},
{"learn":[0.07183539333],"iteration":995,"passed_time":8.027672739,"remaining_time":0.03223964956},
{"learn":[0.07183384558],"iteration":996,"passed_time":8.036623026,"remaining_time":0.02418241633},
{"learn":[0.07183251812],"iteration":997,"passed_time":8.044166983,"remaining_time":0.01612057512},
{"learn":[0.07183138656],"iteration":998,"passed_time":8.052930059,"remaining_time":0.00806099105},
{"learn":[0.07182938258],"iteration":999,"passed_time":8.060789027,"remaining_time":0}
]}